blackCardId,deckId
002e71bf-8478-43d6-9e34-282ac4149f59,44454d3d-e5e6-4f18-a330-cedca7fbb482
002e71bf-8478-43d6-9e34-282ac4149f59,6a5c4a88-6b10-4695-b80d-a091c23101a0
01253eca-043a-48e9-b999-c433a30565ed,61337ed7-f94e-4806-ba04-962eca86c793
0185c29a-1aaf-4be0-bf73-d8b345c3310c,ceee8cbc-e3f7-4096-abb2-f1c50e278ef6
0185c29a-1aaf-4be0-bf73-d8b345c3310c,f2a6fa58-5306-4d1d-9bf2-29985264f7c9
01ba288b-4dfd-4243-9d27-72c0c18b9311,ceee8cbc-e3f7-4096-abb2-f1c50e278ef6
01ba288b-4dfd-4243-9d27-72c0c18b9311,f2a6fa58-5306-4d1d-9bf2-29985264f7c9
01eceae8-99d5-4340-89aa-1ff882cf7096,96d9ae8b-2a10-4724-9e08-4ae2d4183077
029b71d4-a8ab-4d92-be74-3c9f9f16f7d7,61337ed7-f94e-4806-ba04-962eca86c793
029b71d4-a8ab-4d92-be74-3c9f9f16f7d7,7ced2f7b-0fe8-4422-a068-f3f8582a8f7f
029b71d4-a8ab-4d92-be74-3c9f9f16f7d7,b09d7dac-c133-485f-b59d-c8bfcaa7181b
029b71d4-a8ab-4d92-be74-3c9f9f16f7d7,bd04252a-c84c-4b44-b1c5-eb48097c48e8
029b71d4-a8ab-4d92-be74-3c9f9f16f7d7,ceee8cbc-e3f7-4096-abb2-f1c50e278ef6
02e25793-7c9e-4b1e-bc5f-dfcc63b60905,61337ed7-f94e-4806-ba04-962eca86c793
02e25793-7c9e-4b1e-bc5f-dfcc63b60905,7ced2f7b-0fe8-4422-a068-f3f8582a8f7f
02e25793-7c9e-4b1e-bc5f-dfcc63b60905,b09d7dac-c133-485f-b59d-c8bfcaa7181b
02e25793-7c9e-4b1e-bc5f-dfcc63b60905,bd04252a-c84c-4b44-b1c5-eb48097c48e8
02e25793-7c9e-4b1e-bc5f-dfcc63b60905,ceee8cbc-e3f7-4096-abb2-f1c50e278ef6
0359b77c-c705-4847-8d4c-5426e6e02c17,bd04252a-c84c-4b44-b1c5-eb48097c48e8
0372a43f-5d2c-46c2-9997-745458da2e03,e4c1ed0c-e4d8-4d49-b951-e44ab66bb515
03c25646-87e9-4599-912f-da862fe8baab,6f065003-606b-47ef-b01b-397f83371452
045ae48e-e9e8-4016-8b63-7d5b6db3ce31,7ced2f7b-0fe8-4422-a068-f3f8582a8f7f
06114262-345a-4e49-a126-7ce7cd664b26,f2a6fa58-5306-4d1d-9bf2-29985264f7c9
062e90f8-25bf-4c3c-ad03-80fbfebd5798,e4c1ed0c-e4d8-4d49-b951-e44ab66bb515
063b8475-466b-4d16-9c7d-bf9088fead3d,ceee8cbc-e3f7-4096-abb2-f1c50e278ef6
063b8475-466b-4d16-9c7d-bf9088fead3d,f2a6fa58-5306-4d1d-9bf2-29985264f7c9
0647963c-bc09-4c8b-a329-84a45da8f887,6f065003-606b-47ef-b01b-397f83371452
065e1b76-bd65-4dbf-8ebc-53caac3618f3,f8c96450-b8de-4e94-8cd4-15569bd66309
06d7d5a3-52ed-48be-a33f-dc740d469583,7ced2f7b-0fe8-4422-a068-f3f8582a8f7f
06d7d5a3-52ed-48be-a33f-dc740d469583,b09d7dac-c133-485f-b59d-c8bfcaa7181b
06d7d5a3-52ed-48be-a33f-dc740d469583,bd04252a-c84c-4b44-b1c5-eb48097c48e8
0788ac2b-cc3f-4842-a7e5-bffacef15f6f,f2a6fa58-5306-4d1d-9bf2-29985264f7c9
08c13443-c0ac-4f94-96f0-722e9b853e43,e4c1ed0c-e4d8-4d49-b951-e44ab66bb515
095a2486-7516-4b7d-8aaf-0126b3b6f6e9,e4c1ed0c-e4d8-4d49-b951-e44ab66bb515
0a6c960c-7b6f-42aa-9bb3-ab4c0c2f7661,076af32f-c886-410c-bbc5-91a3fe3da63e
0a812007-4637-49c2-91a4-ffdd94709834,fe4c4c83-d199-4297-ae94-1e150244d3d6
0b1b4999-4192-4f4f-9413-375075043773,61337ed7-f94e-4806-ba04-962eca86c793
0b857432-c146-4d51-84d8-f99e8dd84d71,99dd00ca-9573-425e-9ec0-e2f0e52c3e1e
0ba96e97-1549-4390-a40d-b0b6a783dc46,61337ed7-f94e-4806-ba04-962eca86c793
0bd70cd1-e860-47c8-9efb-9bcaaf92da1d,24ef4982-8c42-4524-8a43-dd4b0c6f249b
0bf0d7d1-9cff-4678-8bcb-cdbca6473d84,b09d7dac-c133-485f-b59d-c8bfcaa7181b
0bf33524-1060-4588-81b4-96ba944a96e6,bd04252a-c84c-4b44-b1c5-eb48097c48e8
0c170257-6d14-4d5d-b824-4f3d0b538d13,96d9ae8b-2a10-4724-9e08-4ae2d4183077
0c7f7470-d945-409c-b79d-1c01da430b68,7ced2f7b-0fe8-4422-a068-f3f8582a8f7f
0cae1758-6265-4b80-ae03-cc5f20f818ab,ceee8cbc-e3f7-4096-abb2-f1c50e278ef6
0cae1758-6265-4b80-ae03-cc5f20f818ab,f2a6fa58-5306-4d1d-9bf2-29985264f7c9
0e260426-40a0-4aec-a643-6b46e7d9de89,61337ed7-f94e-4806-ba04-962eca86c793
0e260426-40a0-4aec-a643-6b46e7d9de89,b09d7dac-c133-485f-b59d-c8bfcaa7181b
0e260426-40a0-4aec-a643-6b46e7d9de89,bd04252a-c84c-4b44-b1c5-eb48097c48e8
0e260426-40a0-4aec-a643-6b46e7d9de89,ceee8cbc-e3f7-4096-abb2-f1c50e278ef6
0e5f6bc0-f0aa-4c37-9e97-f45f3493afbe,ceee8cbc-e3f7-4096-abb2-f1c50e278ef6
0e5f6bc0-f0aa-4c37-9e97-f45f3493afbe,f2a6fa58-5306-4d1d-9bf2-29985264f7c9
0ef22e7c-f85a-4304-a29f-bb854d677ad3,b09d7dac-c133-485f-b59d-c8bfcaa7181b
0efcbca7-ec21-4038-b53c-7a2675b84fff,39bbd502-dc51-451b-abdf-67e3daa168d5
0f433a51-5b40-4816-9dca-ecb7bac6fd69,96d9ae8b-2a10-4724-9e08-4ae2d4183077
0f5c61cb-81b9-49b1-be50-2f75cc2216c3,6a5c4a88-6b10-4695-b80d-a091c23101a0
0fd90165-135f-4691-8c3f-d688b9b83b46,7ced2f7b-0fe8-4422-a068-f3f8582a8f7f
10f3e87d-f3f6-4cbe-9a3d-5ebfa7286010,61337ed7-f94e-4806-ba04-962eca86c793
10f3e87d-f3f6-4cbe-9a3d-5ebfa7286010,7ced2f7b-0fe8-4422-a068-f3f8582a8f7f
10f3e87d-f3f6-4cbe-9a3d-5ebfa7286010,b09d7dac-c133-485f-b59d-c8bfcaa7181b
10f3e87d-f3f6-4cbe-9a3d-5ebfa7286010,bd04252a-c84c-4b44-b1c5-eb48097c48e8
10f3e87d-f3f6-4cbe-9a3d-5ebfa7286010,ceee8cbc-e3f7-4096-abb2-f1c50e278ef6
12277a01-b387-43d8-b828-d9c51793c2ab,96d9ae8b-2a10-4724-9e08-4ae2d4183077
132c45fe-640d-4b05-a531-8caf35d3be96,39bbd502-dc51-451b-abdf-67e3daa168d5
141cd830-4f23-48da-84ae-980aaf1a5d77,f2a6fa58-5306-4d1d-9bf2-29985264f7c9
1451d1b9-fc32-476e-ab15-c9ca8b9eb5a8,96d9ae8b-2a10-4724-9e08-4ae2d4183077
148d5a09-2056-4aa0-85af-7bb516acf0e1,f8c96450-b8de-4e94-8cd4-15569bd66309
14dd7d82-333e-48f4-b84d-40c574694539,c712fff0-5b88-42f0-bdd5-499194a775d5
14f68b2b-62dd-416a-888b-fa1bf6a13950,24ef4982-8c42-4524-8a43-dd4b0c6f249b
15830da6-70a8-41c8-a3b5-42b09fec7a65,bed7e0f5-32f3-4e66-9dfe-ee7d694ae69b
1610c462-b67b-42a2-913a-48405c705c93,18da9dba-20c6-4258-ac08-fbfa9ff7b04e
16de1677-4bdc-48ee-ae39-bca230ce6c2b,61337ed7-f94e-4806-ba04-962eca86c793
16de1677-4bdc-48ee-ae39-bca230ce6c2b,7ced2f7b-0fe8-4422-a068-f3f8582a8f7f
16de1677-4bdc-48ee-ae39-bca230ce6c2b,b09d7dac-c133-485f-b59d-c8bfcaa7181b
16de1677-4bdc-48ee-ae39-bca230ce6c2b,bd04252a-c84c-4b44-b1c5-eb48097c48e8
16e1d3e7-d476-457c-9ec0-32d3d40c5f6b,99dd00ca-9573-425e-9ec0-e2f0e52c3e1e
1760858f-d4f3-44ac-aee6-e60d8cc4f46e,e4c1ed0c-e4d8-4d49-b951-e44ab66bb515
178d98fa-40be-4bc8-8bc0-84be8456739a,96d9ae8b-2a10-4724-9e08-4ae2d4183077
1895d383-abab-4647-a7c1-e5eda665ceea,2dbe39e5-925b-4370-baed-bed3797a1122
1951575e-7923-4f4e-a055-9498c1a46213,61337ed7-f94e-4806-ba04-962eca86c793
1951575e-7923-4f4e-a055-9498c1a46213,bd04252a-c84c-4b44-b1c5-eb48097c48e8
1a06d5db-743d-4ccf-a6cc-a25371a2401f,ceee8cbc-e3f7-4096-abb2-f1c50e278ef6
1a2e7da3-9261-4975-9d41-68b82e12e49d,39bbd502-dc51-451b-abdf-67e3daa168d5
1b8f8c8f-a855-496f-ace6-954f8897fca2,c712fff0-5b88-42f0-bdd5-499194a775d5
1be86bf1-c939-4ec6-9675-23433f17871b,b03d2e7e-101e-4111-876f-35cface5c7fc
1c2b94b8-fe8d-4a11-8fde-5d6137036fd2,e16029c7-ebb8-4b20-bd44-d7f5f66f3cae
1c76b90d-d807-4e1b-8bbc-3643ede721e8,e4c1ed0c-e4d8-4d49-b951-e44ab66bb515
1c778a62-50ce-4d54-9b02-ac7a9db1a481,61337ed7-f94e-4806-ba04-962eca86c793
1c778a62-50ce-4d54-9b02-ac7a9db1a481,bd04252a-c84c-4b44-b1c5-eb48097c48e8
1d2803fe-5d7e-49b7-9cbf-0306911a4ea7,61337ed7-f94e-4806-ba04-962eca86c793
1d2803fe-5d7e-49b7-9cbf-0306911a4ea7,7ced2f7b-0fe8-4422-a068-f3f8582a8f7f
1d2803fe-5d7e-49b7-9cbf-0306911a4ea7,b09d7dac-c133-485f-b59d-c8bfcaa7181b
1d2803fe-5d7e-49b7-9cbf-0306911a4ea7,bd04252a-c84c-4b44-b1c5-eb48097c48e8
1e55657c-8ce4-4039-a3f2-18a5967ce16f,e16029c7-ebb8-4b20-bd44-d7f5f66f3cae
1e78b787-8165-415b-9504-27f01516633c,6e657b0b-2b5a-462b-9257-547ead49daa1
1f06bd06-81cc-4f04-970c-57cabf9d188f,f2a6fa58-5306-4d1d-9bf2-29985264f7c9
1f28e184-97cd-4702-8108-fcea71d66d8e,61337ed7-f94e-4806-ba04-962eca86c793
1f28e184-97cd-4702-8108-fcea71d66d8e,7ced2f7b-0fe8-4422-a068-f3f8582a8f7f
1f28e184-97cd-4702-8108-fcea71d66d8e,b09d7dac-c133-485f-b59d-c8bfcaa7181b
1f28e184-97cd-4702-8108-fcea71d66d8e,bd04252a-c84c-4b44-b1c5-eb48097c48e8
1f28e184-97cd-4702-8108-fcea71d66d8e,ceee8cbc-e3f7-4096-abb2-f1c50e278ef6
1f304420-4a33-4721-b562-bae50bd12d3a,7ced2f7b-0fe8-4422-a068-f3f8582a8f7f
1f537e35-59f6-465f-b1c7-ba2c5bf4bbf8,61337ed7-f94e-4806-ba04-962eca86c793
1f537e35-59f6-465f-b1c7-ba2c5bf4bbf8,7ced2f7b-0fe8-4422-a068-f3f8582a8f7f
1f537e35-59f6-465f-b1c7-ba2c5bf4bbf8,b09d7dac-c133-485f-b59d-c8bfcaa7181b
1f537e35-59f6-465f-b1c7-ba2c5bf4bbf8,bd04252a-c84c-4b44-b1c5-eb48097c48e8
1fa7ddbf-3f4e-47f9-aad2-4550e932eb66,61337ed7-f94e-4806-ba04-962eca86c793
1fa7ddbf-3f4e-47f9-aad2-4550e932eb66,7ced2f7b-0fe8-4422-a068-f3f8582a8f7f
1fa7ddbf-3f4e-47f9-aad2-4550e932eb66,b09d7dac-c133-485f-b59d-c8bfcaa7181b
1fa7ddbf-3f4e-47f9-aad2-4550e932eb66,bd04252a-c84c-4b44-b1c5-eb48097c48e8
1fd0092c-2eda-4110-8eb5-abe0e8dc68ae,e4c1ed0c-e4d8-4d49-b951-e44ab66bb515
1ff4dd64-6bd3-499c-ac04-a2810f786dc4,7ced2f7b-0fe8-4422-a068-f3f8582a8f7f
1ff4dd64-6bd3-499c-ac04-a2810f786dc4,b09d7dac-c133-485f-b59d-c8bfcaa7181b
1ff4dd64-6bd3-499c-ac04-a2810f786dc4,bd04252a-c84c-4b44-b1c5-eb48097c48e8
1ff4dd64-6bd3-499c-ac04-a2810f786dc4,ceee8cbc-e3f7-4096-abb2-f1c50e278ef6
203e13ab-d91b-4662-a4d2-5060158d8db1,e4c1ed0c-e4d8-4d49-b951-e44ab66bb515
207368fe-2871-4329-9618-e7c67429f901,39bbd502-dc51-451b-abdf-67e3daa168d5
20c50492-3a35-486f-89f6-e6a7858914c7,bd04252a-c84c-4b44-b1c5-eb48097c48e8
20f54d88-3f79-4520-9092-b82bb6c76a74,2dbe39e5-925b-4370-baed-bed3797a1122
2160cee0-43fd-45ef-9c4f-ed77b465b70a,ceee8cbc-e3f7-4096-abb2-f1c50e278ef6
2160cee0-43fd-45ef-9c4f-ed77b465b70a,f2a6fa58-5306-4d1d-9bf2-29985264f7c9
21974de5-2d24-40e2-95f9-1a3e6f27cd92,96d9ae8b-2a10-4724-9e08-4ae2d4183077
221a1561-1c29-4476-a3ea-f8d0e02bbe22,61337ed7-f94e-4806-ba04-962eca86c793
221a1561-1c29-4476-a3ea-f8d0e02bbe22,7ced2f7b-0fe8-4422-a068-f3f8582a8f7f
221a1561-1c29-4476-a3ea-f8d0e02bbe22,b09d7dac-c133-485f-b59d-c8bfcaa7181b
221a1561-1c29-4476-a3ea-f8d0e02bbe22,bd04252a-c84c-4b44-b1c5-eb48097c48e8
221a1561-1c29-4476-a3ea-f8d0e02bbe22,ceee8cbc-e3f7-4096-abb2-f1c50e278ef6
226bdcb1-bc6f-44a4-b26a-0db5e469d7a1,ef91bcd6-6c0a-4c90-8b49-e1a343fe1448
22ca35b2-b242-47c8-a48a-d7fdf6f86202,96d9ae8b-2a10-4724-9e08-4ae2d4183077
232d8ed8-e57c-4577-b16e-71ecac7aee4d,249708cf-a408-4111-a0f8-823eea93775c
2333dffb-6fcf-4a48-9556-a8a1fabe571f,96d9ae8b-2a10-4724-9e08-4ae2d4183077
233e9afe-c48d-4641-bab8-892337109530,96d9ae8b-2a10-4724-9e08-4ae2d4183077
2428230e-2eb3-4312-a112-07405f4688ae,cf1f3612-6215-4c5c-b61a-1ccf8602493c
258252ad-4882-4c41-8bf6-70e9709d3694,e4c1ed0c-e4d8-4d49-b951-e44ab66bb515
25ba296c-210f-4d07-82bc-8d7730adc3f7,96d9ae8b-2a10-4724-9e08-4ae2d4183077
261acf18-7468-4e5a-9348-c4d40daee583,61337ed7-f94e-4806-ba04-962eca86c793
261acf18-7468-4e5a-9348-c4d40daee583,7ced2f7b-0fe8-4422-a068-f3f8582a8f7f
261acf18-7468-4e5a-9348-c4d40daee583,b09d7dac-c133-485f-b59d-c8bfcaa7181b
261acf18-7468-4e5a-9348-c4d40daee583,bd04252a-c84c-4b44-b1c5-eb48097c48e8
27534428-7da8-4fca-9a78-f40dd701e670,076af32f-c886-410c-bbc5-91a3fe3da63e
27617439-1409-4995-b01a-bd968a4784fe,71e9f370-882c-45c2-85b3-a1cc5773bb55
2795689c-2889-41c6-b3e4-eec1bac5089b,2298a355-579f-48c5-8f3b-d17da6e6907a
2795689c-2889-41c6-b3e4-eec1bac5089b,e4c1ed0c-e4d8-4d49-b951-e44ab66bb515
2845f43d-8abf-4e79-bd1a-76dcb59c5f7a,e4c1ed0c-e4d8-4d49-b951-e44ab66bb515
28973d4d-29b6-4602-ba71-6dc0d9c41d41,ceee8cbc-e3f7-4096-abb2-f1c50e278ef6
28973d4d-29b6-4602-ba71-6dc0d9c41d41,f2a6fa58-5306-4d1d-9bf2-29985264f7c9
2a54b8b7-932b-4e36-8879-9adf14fb8910,61337ed7-f94e-4806-ba04-962eca86c793
2a54b8b7-932b-4e36-8879-9adf14fb8910,7ced2f7b-0fe8-4422-a068-f3f8582a8f7f
2a54b8b7-932b-4e36-8879-9adf14fb8910,b09d7dac-c133-485f-b59d-c8bfcaa7181b
2a54b8b7-932b-4e36-8879-9adf14fb8910,bd04252a-c84c-4b44-b1c5-eb48097c48e8
2b88089f-17d2-4a5d-83f9-f09d0e6e1b56,7ced2f7b-0fe8-4422-a068-f3f8582a8f7f
2b88089f-17d2-4a5d-83f9-f09d0e6e1b56,ceee8cbc-e3f7-4096-abb2-f1c50e278ef6
2bf281eb-799e-436b-be51-8e9afb6d6584,96d9ae8b-2a10-4724-9e08-4ae2d4183077
2c454806-5db1-40f6-8413-8c45f553bda3,c712fff0-5b88-42f0-bdd5-499194a775d5
2ce26278-b14b-4990-83d2-690f20eb2ca8,bd04252a-c84c-4b44-b1c5-eb48097c48e8
2d58fe49-cf81-4f28-a1fc-7809f50f7482,bd04252a-c84c-4b44-b1c5-eb48097c48e8
2e34823d-a839-4355-84cb-ab5cbdced8d6,249708cf-a408-4111-a0f8-823eea93775c
2e4873ec-75d8-42d7-9b66-f2f8d12fd6e6,61337ed7-f94e-4806-ba04-962eca86c793
2e4873ec-75d8-42d7-9b66-f2f8d12fd6e6,7ced2f7b-0fe8-4422-a068-f3f8582a8f7f
2e4873ec-75d8-42d7-9b66-f2f8d12fd6e6,b09d7dac-c133-485f-b59d-c8bfcaa7181b
2e4873ec-75d8-42d7-9b66-f2f8d12fd6e6,bd04252a-c84c-4b44-b1c5-eb48097c48e8
2e4873ec-75d8-42d7-9b66-f2f8d12fd6e6,ceee8cbc-e3f7-4096-abb2-f1c50e278ef6
2e8eb59c-77dc-4f06-90b4-d3051dd33a6e,f2a6fa58-5306-4d1d-9bf2-29985264f7c9
2eb5623f-ec7a-4b5d-b01c-83c5cd91cbf9,6f065003-606b-47ef-b01b-397f83371452
2ec1e619-14e0-4464-a13b-fdc8d3c6a00d,2298a355-579f-48c5-8f3b-d17da6e6907a
2f651175-41c5-4836-a8b6-2679fea23d4d,96d9ae8b-2a10-4724-9e08-4ae2d4183077
2f8f24a5-f2a3-4190-8619-1dc7aa463c67,96d9ae8b-2a10-4724-9e08-4ae2d4183077
2ff6c42f-0256-4926-8a23-34051634d226,61337ed7-f94e-4806-ba04-962eca86c793
2ff6c42f-0256-4926-8a23-34051634d226,7ced2f7b-0fe8-4422-a068-f3f8582a8f7f
2ff6c42f-0256-4926-8a23-34051634d226,b09d7dac-c133-485f-b59d-c8bfcaa7181b
2ff6c42f-0256-4926-8a23-34051634d226,bd04252a-c84c-4b44-b1c5-eb48097c48e8
2ff6c42f-0256-4926-8a23-34051634d226,ceee8cbc-e3f7-4096-abb2-f1c50e278ef6
3013475a-f3d7-44fb-a4ae-207ee045c28a,24ef4982-8c42-4524-8a43-dd4b0c6f249b
303091a5-7764-4e86-892d-f52178cdc98b,7ced2f7b-0fe8-4422-a068-f3f8582a8f7f
303091a5-7764-4e86-892d-f52178cdc98b,ceee8cbc-e3f7-4096-abb2-f1c50e278ef6
305eed35-c22c-4c20-874e-14d56f144864,e4c1ed0c-e4d8-4d49-b951-e44ab66bb515
3078e9f5-fa40-4951-ab5e-7e7b12829f66,44454d3d-e5e6-4f18-a330-cedca7fbb482
3078e9f5-fa40-4951-ab5e-7e7b12829f66,6a5c4a88-6b10-4695-b80d-a091c23101a0
310ef997-5e4b-441e-9ef8-d79c10a994e2,96d9ae8b-2a10-4724-9e08-4ae2d4183077
31ded374-38dc-46b5-9021-618273d4d42b,61337ed7-f94e-4806-ba04-962eca86c793
31ded374-38dc-46b5-9021-618273d4d42b,b09d7dac-c133-485f-b59d-c8bfcaa7181b
31ded374-38dc-46b5-9021-618273d4d42b,bd04252a-c84c-4b44-b1c5-eb48097c48e8
31ded374-38dc-46b5-9021-618273d4d42b,ceee8cbc-e3f7-4096-abb2-f1c50e278ef6
31e485cd-841f-4edc-b6f7-8af9fcaf3a5c,ceee8cbc-e3f7-4096-abb2-f1c50e278ef6
31e485cd-841f-4edc-b6f7-8af9fcaf3a5c,f2a6fa58-5306-4d1d-9bf2-29985264f7c9
31f7db34-e82e-449a-a02e-07bc8992dc7c,99dd00ca-9573-425e-9ec0-e2f0e52c3e1e
32cdff3c-9329-4bf8-9c94-c817fc001349,96d9ae8b-2a10-4724-9e08-4ae2d4183077
33c80810-68b7-41b3-88f5-96fdff7cabb7,e4c1ed0c-e4d8-4d49-b951-e44ab66bb515
33dd095d-c271-43c7-92d5-505bdcffe81f,e4c1ed0c-e4d8-4d49-b951-e44ab66bb515
33f69363-d78f-451e-8658-c579766f60fe,f2a6fa58-5306-4d1d-9bf2-29985264f7c9
34472993-2cfd-4e31-9d8e-83b7df780dca,61337ed7-f94e-4806-ba04-962eca86c793
34472993-2cfd-4e31-9d8e-83b7df780dca,7ced2f7b-0fe8-4422-a068-f3f8582a8f7f
34472993-2cfd-4e31-9d8e-83b7df780dca,b09d7dac-c133-485f-b59d-c8bfcaa7181b
34472993-2cfd-4e31-9d8e-83b7df780dca,bd04252a-c84c-4b44-b1c5-eb48097c48e8
34ed0a5b-06cb-40ce-8633-28ddcd5f3b8d,61337ed7-f94e-4806-ba04-962eca86c793
352766c8-1f8c-4992-845e-6ffd8d311356,7ced2f7b-0fe8-4422-a068-f3f8582a8f7f
3530b7ba-8eae-400b-8537-918d9533c084,aee4ae59-3150-4b08-ba09-d93f39c1debc
3576a765-c6e4-4423-8228-f33c63338159,96d9ae8b-2a10-4724-9e08-4ae2d4183077
35d368fa-e528-4658-a03c-ce009420613b,f2a6fa58-5306-4d1d-9bf2-29985264f7c9
36283d50-dd34-44c8-a887-99631f5a3c99,b09d7dac-c133-485f-b59d-c8bfcaa7181b
36873d5e-3db9-4c54-9690-7f8abaf72c00,96d9ae8b-2a10-4724-9e08-4ae2d4183077
3693aa60-466b-4def-882c-eaabf8ec296c,e4c1ed0c-e4d8-4d49-b951-e44ab66bb515
37cc5b31-cb9e-4381-b0d9-372a65f308fd,6a5c4a88-6b10-4695-b80d-a091c23101a0
3804e0b5-302c-4fe5-af14-eb0eae5777ad,61337ed7-f94e-4806-ba04-962eca86c793
3804e0b5-302c-4fe5-af14-eb0eae5777ad,7ced2f7b-0fe8-4422-a068-f3f8582a8f7f
3804e0b5-302c-4fe5-af14-eb0eae5777ad,b09d7dac-c133-485f-b59d-c8bfcaa7181b
3804e0b5-302c-4fe5-af14-eb0eae5777ad,bd04252a-c84c-4b44-b1c5-eb48097c48e8
38129e67-5f20-46d8-9d52-e7ce121257f6,ceee8cbc-e3f7-4096-abb2-f1c50e278ef6
38129e67-5f20-46d8-9d52-e7ce121257f6,f2a6fa58-5306-4d1d-9bf2-29985264f7c9
39479093-196e-4870-9187-e193204eb686,bd04252a-c84c-4b44-b1c5-eb48097c48e8
39685ae7-faa5-4fe7-ad8f-cc692097095a,ceee8cbc-e3f7-4096-abb2-f1c50e278ef6
39685ae7-faa5-4fe7-ad8f-cc692097095a,f2a6fa58-5306-4d1d-9bf2-29985264f7c9
3a0a00be-a050-43ea-bb85-5aa28d5d1dd1,e4c1ed0c-e4d8-4d49-b951-e44ab66bb515
3a738d6d-9a51-45ce-9479-f027fe3b25e5,96d9ae8b-2a10-4724-9e08-4ae2d4183077
3ad3960f-2a30-45f0-b584-83211e098b5a,7ced2f7b-0fe8-4422-a068-f3f8582a8f7f
3baa745e-8235-4c3b-b332-e4bc0ed18688,ceee8cbc-e3f7-4096-abb2-f1c50e278ef6
3bb92ce0-3148-473f-bc0c-56929f289230,2dbe39e5-925b-4370-baed-bed3797a1122
3bb92ce0-3148-473f-bc0c-56929f289230,ad14e07f-490c-4dc3-b10f-021d37ddb2da
3bc20cb5-b045-4e3b-9f0e-9970d7fa89b0,6570d38b-08a9-4320-b2ae-c180459da9b2
3bd15a3c-eca4-4c04-91d4-96cada5157f3,ef91bcd6-6c0a-4c90-8b49-e1a343fe1448
3cb5d39c-da08-4239-b3c9-ec241760ab15,61337ed7-f94e-4806-ba04-962eca86c793
3d60f731-ec5b-4ad3-81aa-727115700ec0,61337ed7-f94e-4806-ba04-962eca86c793
3d60f731-ec5b-4ad3-81aa-727115700ec0,7ced2f7b-0fe8-4422-a068-f3f8582a8f7f
3d60f731-ec5b-4ad3-81aa-727115700ec0,b09d7dac-c133-485f-b59d-c8bfcaa7181b
3da077ea-0b3c-4d01-a4dd-f0db7db5b34d,aee4ae59-3150-4b08-ba09-d93f39c1debc
3dbbee1d-8063-4e90-a7c7-1a0e372016f4,7ced2f7b-0fe8-4422-a068-f3f8582a8f7f
3dbbee1d-8063-4e90-a7c7-1a0e372016f4,b09d7dac-c133-485f-b59d-c8bfcaa7181b
3e106854-44be-472f-bf6e-9f0ddf0b92dd,24ef4982-8c42-4524-8a43-dd4b0c6f249b
3e83bbf4-bfe7-431f-817c-63783cc51b52,6a5c4a88-6b10-4695-b80d-a091c23101a0
3edb1aa8-c9d8-4705-acfc-fc6298391af4,ef91bcd6-6c0a-4c90-8b49-e1a343fe1448
3f8ba73b-16f7-4c02-8f6c-95e1bd09711e,5f1d0abf-3250-41a0-9336-add23eb333cb
3f9dadf6-b839-4aff-8eb4-8579560a8a8c,61337ed7-f94e-4806-ba04-962eca86c793
3fb933f7-9f1c-44c0-b496-9bcb1995a2c8,bd04252a-c84c-4b44-b1c5-eb48097c48e8
3fd66bb9-98d4-4b62-b26a-e887cb0bc5ca,e4c1ed0c-e4d8-4d49-b951-e44ab66bb515
410368a1-7a69-4405-b656-e60d39c3ab72,b09d7dac-c133-485f-b59d-c8bfcaa7181b
4104a8e5-dc5a-4efd-88a2-c4b2aede1276,076af32f-c886-410c-bbc5-91a3fe3da63e
418674a3-1d97-4c2a-ba20-7295d5a60c41,92e1fb26-f74d-4e26-b35a-55df56dc1880
42a2ee8f-0a46-4dd0-bf4c-b65b40a3e25a,61337ed7-f94e-4806-ba04-962eca86c793
42a2ee8f-0a46-4dd0-bf4c-b65b40a3e25a,7ced2f7b-0fe8-4422-a068-f3f8582a8f7f
42a2ee8f-0a46-4dd0-bf4c-b65b40a3e25a,b09d7dac-c133-485f-b59d-c8bfcaa7181b
42a2ee8f-0a46-4dd0-bf4c-b65b40a3e25a,bd04252a-c84c-4b44-b1c5-eb48097c48e8
42a2ee8f-0a46-4dd0-bf4c-b65b40a3e25a,ceee8cbc-e3f7-4096-abb2-f1c50e278ef6
4343a528-6eb3-4b83-9db0-f0b3aeb8613e,61337ed7-f94e-4806-ba04-962eca86c793
4343a528-6eb3-4b83-9db0-f0b3aeb8613e,7ced2f7b-0fe8-4422-a068-f3f8582a8f7f
4343a528-6eb3-4b83-9db0-f0b3aeb8613e,b09d7dac-c133-485f-b59d-c8bfcaa7181b
4343a528-6eb3-4b83-9db0-f0b3aeb8613e,bd04252a-c84c-4b44-b1c5-eb48097c48e8
43b0b658-0f42-414e-a6a1-2bf9ee1a976c,7ced2f7b-0fe8-4422-a068-f3f8582a8f7f
44346839-45c0-48c0-a68c-ba77b033ecf3,92e1fb26-f74d-4e26-b35a-55df56dc1880
4544af0f-1d8d-4b84-a2cb-efe2b58b74cf,e4c1ed0c-e4d8-4d49-b951-e44ab66bb515
4595539f-e4e7-49a1-86e0-f417c3c00808,7ced2f7b-0fe8-4422-a068-f3f8582a8f7f
4622dd55-5d29-41cc-abb2-0ca60be411cf,bd04252a-c84c-4b44-b1c5-eb48097c48e8
46287774-a7f7-414c-b1e1-680e88e2b077,7ced2f7b-0fe8-4422-a068-f3f8582a8f7f
4707750f-ed2f-435d-8895-a07c9a3e0a21,39bbd502-dc51-451b-abdf-67e3daa168d5
48b45d9a-25a0-43bc-a42f-87b470cdf143,99dd00ca-9573-425e-9ec0-e2f0e52c3e1e
496ebe59-cff4-4524-8503-da1dfb92fe79,61337ed7-f94e-4806-ba04-962eca86c793
496ebe59-cff4-4524-8503-da1dfb92fe79,ceee8cbc-e3f7-4096-abb2-f1c50e278ef6
499c6618-907b-47bf-a932-7f0f2380c2a1,e4c1ed0c-e4d8-4d49-b951-e44ab66bb515
4aeb106c-dad7-4882-9ab1-95cea8f1ce7c,24ef4982-8c42-4524-8a43-dd4b0c6f249b
4b19a686-a82a-40f1-b81a-0b2bf2b179f6,61337ed7-f94e-4806-ba04-962eca86c793
4e2b3f62-f352-4f3d-8a93-23e1af8b4a87,7ced2f7b-0fe8-4422-a068-f3f8582a8f7f
4e2b3f62-f352-4f3d-8a93-23e1af8b4a87,b09d7dac-c133-485f-b59d-c8bfcaa7181b
4e2b3f62-f352-4f3d-8a93-23e1af8b4a87,ceee8cbc-e3f7-4096-abb2-f1c50e278ef6
4e3763a5-af20-44d9-809e-c670df553065,61337ed7-f94e-4806-ba04-962eca86c793
4e3763a5-af20-44d9-809e-c670df553065,7ced2f7b-0fe8-4422-a068-f3f8582a8f7f
4e3763a5-af20-44d9-809e-c670df553065,b09d7dac-c133-485f-b59d-c8bfcaa7181b
4e3763a5-af20-44d9-809e-c670df553065,bd04252a-c84c-4b44-b1c5-eb48097c48e8
4e3763a5-af20-44d9-809e-c670df553065,ceee8cbc-e3f7-4096-abb2-f1c50e278ef6
4e55f1a5-b4b3-496a-96a7-058887181a58,61337ed7-f94e-4806-ba04-962eca86c793
4e55f1a5-b4b3-496a-96a7-058887181a58,7ced2f7b-0fe8-4422-a068-f3f8582a8f7f
4e55f1a5-b4b3-496a-96a7-058887181a58,b09d7dac-c133-485f-b59d-c8bfcaa7181b
4e55f1a5-b4b3-496a-96a7-058887181a58,bd04252a-c84c-4b44-b1c5-eb48097c48e8
4e7e0a4d-e989-4192-b88e-1743cfc47e46,96d9ae8b-2a10-4724-9e08-4ae2d4183077
4ea3ffdc-45d2-4185-84fe-583eb15c4565,7ced2f7b-0fe8-4422-a068-f3f8582a8f7f
4f663e08-823b-4389-bc54-05314e152197,076af32f-c886-410c-bbc5-91a3fe3da63e
4f84d298-ac3d-4ad5-87b8-bc8cb0282fd4,fe4c4c83-d199-4297-ae94-1e150244d3d6
5020348c-05be-4efa-ae85-a225060398e5,ceee8cbc-e3f7-4096-abb2-f1c50e278ef6
5020348c-05be-4efa-ae85-a225060398e5,f2a6fa58-5306-4d1d-9bf2-29985264f7c9
5026cd05-9f3d-461c-b890-101fc72e7fae,61337ed7-f94e-4806-ba04-962eca86c793
50ebeee4-f2e5-4f4d-a2ab-530cc556ce45,e4c1ed0c-e4d8-4d49-b951-e44ab66bb515
51b4c5cd-4b6c-4bb9-b195-50142c64f772,ceee8cbc-e3f7-4096-abb2-f1c50e278ef6
5235804e-ec4c-4f53-82a5-88565d0ccc6b,7ced2f7b-0fe8-4422-a068-f3f8582a8f7f
5235804e-ec4c-4f53-82a5-88565d0ccc6b,b09d7dac-c133-485f-b59d-c8bfcaa7181b
5235804e-ec4c-4f53-82a5-88565d0ccc6b,ceee8cbc-e3f7-4096-abb2-f1c50e278ef6
52436120-7fe0-40f6-b8ab-41604115f50a,96d9ae8b-2a10-4724-9e08-4ae2d4183077
52714c3c-f1b1-473b-bc3f-d173aef93ba7,ceee8cbc-e3f7-4096-abb2-f1c50e278ef6
52714c3c-f1b1-473b-bc3f-d173aef93ba7,f2a6fa58-5306-4d1d-9bf2-29985264f7c9
52e01636-86bf-4a6e-b9da-e24fd66425fb,e4c1ed0c-e4d8-4d49-b951-e44ab66bb515
5338c97e-0ac6-487c-8eab-d3da20b77013,61337ed7-f94e-4806-ba04-962eca86c793
5338c97e-0ac6-487c-8eab-d3da20b77013,7ced2f7b-0fe8-4422-a068-f3f8582a8f7f
5338c97e-0ac6-487c-8eab-d3da20b77013,b09d7dac-c133-485f-b59d-c8bfcaa7181b
5338c97e-0ac6-487c-8eab-d3da20b77013,bd04252a-c84c-4b44-b1c5-eb48097c48e8
533ebcba-f866-40a5-b90c-5e13e7ad8d73,bd04252a-c84c-4b44-b1c5-eb48097c48e8
53c67e13-d6db-4f53-bcfc-d30d847d229b,96d9ae8b-2a10-4724-9e08-4ae2d4183077
542c077b-8d68-4a73-bb1f-8c918d44877d,ceee8cbc-e3f7-4096-abb2-f1c50e278ef6
542c077b-8d68-4a73-bb1f-8c918d44877d,f2a6fa58-5306-4d1d-9bf2-29985264f7c9
549d3855-759e-4419-aa4a-0ebca030d73a,61337ed7-f94e-4806-ba04-962eca86c793
549d3855-759e-4419-aa4a-0ebca030d73a,7ced2f7b-0fe8-4422-a068-f3f8582a8f7f
549d3855-759e-4419-aa4a-0ebca030d73a,b09d7dac-c133-485f-b59d-c8bfcaa7181b
549d3855-759e-4419-aa4a-0ebca030d73a,bd04252a-c84c-4b44-b1c5-eb48097c48e8
549d3855-759e-4419-aa4a-0ebca030d73a,ceee8cbc-e3f7-4096-abb2-f1c50e278ef6
54a01030-28d9-4a4d-8118-a0fe3c291d70,96d9ae8b-2a10-4724-9e08-4ae2d4183077
55ed3fe0-24ee-4cda-b61e-0dacca4332c0,bd04252a-c84c-4b44-b1c5-eb48097c48e8
56c55b13-cfb4-4ab7-acef-1ab9afb8f189,e4c1ed0c-e4d8-4d49-b951-e44ab66bb515
57039a32-f1d5-4bf7-b950-b14b86c97db4,b09d7dac-c133-485f-b59d-c8bfcaa7181b
57cc055c-4ef2-40b3-a5a6-98292bbaaa61,18da9dba-20c6-4258-ac08-fbfa9ff7b04e
57f8886b-1700-4d28-adf4-b1c63ad9e3e5,e4c1ed0c-e4d8-4d49-b951-e44ab66bb515
5802e71d-eacb-499d-ba9f-9d13a1994f20,ceee8cbc-e3f7-4096-abb2-f1c50e278ef6
5802e71d-eacb-499d-ba9f-9d13a1994f20,f2a6fa58-5306-4d1d-9bf2-29985264f7c9
587d78f6-a579-41ee-a0c0-967024eef489,7ced2f7b-0fe8-4422-a068-f3f8582a8f7f
587d78f6-a579-41ee-a0c0-967024eef489,bd04252a-c84c-4b44-b1c5-eb48097c48e8
587d78f6-a579-41ee-a0c0-967024eef489,ceee8cbc-e3f7-4096-abb2-f1c50e278ef6
593e1b58-2e38-4821-bdc0-04200ce8a742,b09d7dac-c133-485f-b59d-c8bfcaa7181b
593e1b58-2e38-4821-bdc0-04200ce8a742,bd04252a-c84c-4b44-b1c5-eb48097c48e8
597da0fe-5df0-4f02-a32a-77de6d816379,bd04252a-c84c-4b44-b1c5-eb48097c48e8
598d930d-20cb-4edb-999a-c82057d864a5,61337ed7-f94e-4806-ba04-962eca86c793
59ce31bc-2fa8-45bb-8a8d-efda8cd66595,96d9ae8b-2a10-4724-9e08-4ae2d4183077
5a4a1bee-6323-4d46-8c4c-7add08c017d4,6e657b0b-2b5a-462b-9257-547ead49daa1
5b53aee8-6e67-431e-981a-6478639d92c8,e4c1ed0c-e4d8-4d49-b951-e44ab66bb515
5b657a02-f3cb-4924-8ce8-50c586f0a93f,bd04252a-c84c-4b44-b1c5-eb48097c48e8
5d3570df-d151-4bdb-bdf1-b51e8ebce747,61337ed7-f94e-4806-ba04-962eca86c793
5d43a68b-4508-40f8-8e7c-4ec4f2935cc4,7ced2f7b-0fe8-4422-a068-f3f8582a8f7f
5d8e32d8-ed86-42e0-85a9-e27b9f5cd175,71e9f370-882c-45c2-85b3-a1cc5773bb55
5d994c33-8114-4339-a91a-535a4cfce920,61337ed7-f94e-4806-ba04-962eca86c793
5d994c33-8114-4339-a91a-535a4cfce920,7ced2f7b-0fe8-4422-a068-f3f8582a8f7f
5d994c33-8114-4339-a91a-535a4cfce920,b09d7dac-c133-485f-b59d-c8bfcaa7181b
5d994c33-8114-4339-a91a-535a4cfce920,bd04252a-c84c-4b44-b1c5-eb48097c48e8
5d994c33-8114-4339-a91a-535a4cfce920,ceee8cbc-e3f7-4096-abb2-f1c50e278ef6
5d9ec8ec-8240-4c81-88c2-793c871787c1,b09d7dac-c133-485f-b59d-c8bfcaa7181b
5dd9bcf2-1ac4-4186-a065-0bb27fd82bbd,7ced2f7b-0fe8-4422-a068-f3f8582a8f7f
5dd9bcf2-1ac4-4186-a065-0bb27fd82bbd,bd04252a-c84c-4b44-b1c5-eb48097c48e8
5dd9bcf2-1ac4-4186-a065-0bb27fd82bbd,ceee8cbc-e3f7-4096-abb2-f1c50e278ef6
5e61f295-0bec-4261-84bb-5b1227f63824,b09d7dac-c133-485f-b59d-c8bfcaa7181b
5e7b6a70-7bf5-40b8-935c-ecba5c5e2e65,71e9f370-882c-45c2-85b3-a1cc5773bb55
5ecb2240-9f94-4c52-a4fc-d5f0d76f9a05,61337ed7-f94e-4806-ba04-962eca86c793
5ecb2240-9f94-4c52-a4fc-d5f0d76f9a05,7ced2f7b-0fe8-4422-a068-f3f8582a8f7f
5ecb2240-9f94-4c52-a4fc-d5f0d76f9a05,b09d7dac-c133-485f-b59d-c8bfcaa7181b
5ecb2240-9f94-4c52-a4fc-d5f0d76f9a05,ceee8cbc-e3f7-4096-abb2-f1c50e278ef6
60a7e236-9c76-4e34-87a0-033d9164100f,96d9ae8b-2a10-4724-9e08-4ae2d4183077
613b4f3f-e971-4ab5-9142-864530c935cf,ceee8cbc-e3f7-4096-abb2-f1c50e278ef6
613b4f3f-e971-4ab5-9142-864530c935cf,f2a6fa58-5306-4d1d-9bf2-29985264f7c9
6146c006-bb14-4d55-9868-d910d5d296a9,6f065003-606b-47ef-b01b-397f83371452
61e6682a-817c-45d8-902a-c5ec990f079c,249708cf-a408-4111-a0f8-823eea93775c
620d2ea2-108f-4b6f-b0fa-23fb4e5eb4db,96d9ae8b-2a10-4724-9e08-4ae2d4183077
62759637-50db-4a6b-9298-9c5fda070854,96d9ae8b-2a10-4724-9e08-4ae2d4183077
62ccf77f-6130-495c-8b68-f4aac4d3f647,f2a6fa58-5306-4d1d-9bf2-29985264f7c9
635ffcd8-e73c-4091-ad4b-36a5545dd81e,a48b2293-31bd-401a-b71f-388f3b8d6851
6394dace-0229-4b80-929e-62610556504d,e4c1ed0c-e4d8-4d49-b951-e44ab66bb515
64b95d68-eebc-44e0-8bf7-442f7c05ed57,7ced2f7b-0fe8-4422-a068-f3f8582a8f7f
65e7b626-2b0e-45d4-8032-016e4701a0e4,61337ed7-f94e-4806-ba04-962eca86c793
65e7b626-2b0e-45d4-8032-016e4701a0e4,7ced2f7b-0fe8-4422-a068-f3f8582a8f7f
65e7b626-2b0e-45d4-8032-016e4701a0e4,b09d7dac-c133-485f-b59d-c8bfcaa7181b
65e7b626-2b0e-45d4-8032-016e4701a0e4,bd04252a-c84c-4b44-b1c5-eb48097c48e8
662a40ce-432f-43d0-b978-ed09da267f90,61337ed7-f94e-4806-ba04-962eca86c793
662a40ce-432f-43d0-b978-ed09da267f90,b09d7dac-c133-485f-b59d-c8bfcaa7181b
662a40ce-432f-43d0-b978-ed09da267f90,bd04252a-c84c-4b44-b1c5-eb48097c48e8
66a635d2-47a8-40d3-87dc-ebab7a404351,24ef4982-8c42-4524-8a43-dd4b0c6f249b
674c15ab-86ee-4938-9396-091e8a224973,539e2a77-d171-40f4-953d-5b299a274a70
675c0eeb-b41a-4cbc-a1f4-80ea16e4e1f5,c492558a-42d3-4c9b-b8ca-bd6892349ee0
67cc4870-4009-44fa-ae3a-1582db236aad,c2aa238b-01f8-4aff-8d82-22f4d88eaa8a
680ee45b-35e8-4fcb-9595-949d61895d45,f2a6fa58-5306-4d1d-9bf2-29985264f7c9
681e1054-5a61-4e52-abfb-a0019d1c50d6,61337ed7-f94e-4806-ba04-962eca86c793
681e1054-5a61-4e52-abfb-a0019d1c50d6,7ced2f7b-0fe8-4422-a068-f3f8582a8f7f
681e1054-5a61-4e52-abfb-a0019d1c50d6,b09d7dac-c133-485f-b59d-c8bfcaa7181b
681e1054-5a61-4e52-abfb-a0019d1c50d6,bd04252a-c84c-4b44-b1c5-eb48097c48e8
681e1054-5a61-4e52-abfb-a0019d1c50d6,ceee8cbc-e3f7-4096-abb2-f1c50e278ef6
682babe6-3a06-4765-b0bd-34981b6ed501,61337ed7-f94e-4806-ba04-962eca86c793
6836eae7-2acc-439e-892e-8d0028d8d7c5,96d9ae8b-2a10-4724-9e08-4ae2d4183077
68a78396-47fc-458b-af25-951d25c70d4a,2dbe39e5-925b-4370-baed-bed3797a1122
68a78396-47fc-458b-af25-951d25c70d4a,ad14e07f-490c-4dc3-b10f-021d37ddb2da
68c2e4a3-f4fe-44e3-80a0-80f7e2d9e007,61337ed7-f94e-4806-ba04-962eca86c793
68c2e4a3-f4fe-44e3-80a0-80f7e2d9e007,b09d7dac-c133-485f-b59d-c8bfcaa7181b
68c2e4a3-f4fe-44e3-80a0-80f7e2d9e007,bd04252a-c84c-4b44-b1c5-eb48097c48e8
68c2e4a3-f4fe-44e3-80a0-80f7e2d9e007,ceee8cbc-e3f7-4096-abb2-f1c50e278ef6
6919cf94-6bde-4e47-8590-319579447d9d,61337ed7-f94e-4806-ba04-962eca86c793
6919cf94-6bde-4e47-8590-319579447d9d,b09d7dac-c133-485f-b59d-c8bfcaa7181b
6919cf94-6bde-4e47-8590-319579447d9d,bd04252a-c84c-4b44-b1c5-eb48097c48e8
6932876e-53b5-4a49-b735-91552a9a4865,e4c1ed0c-e4d8-4d49-b951-e44ab66bb515
6a97ed31-68d2-46c3-9770-8b55b1c8bc58,61337ed7-f94e-4806-ba04-962eca86c793
6a97ed31-68d2-46c3-9770-8b55b1c8bc58,7ced2f7b-0fe8-4422-a068-f3f8582a8f7f
6a97ed31-68d2-46c3-9770-8b55b1c8bc58,b09d7dac-c133-485f-b59d-c8bfcaa7181b
6a97ed31-68d2-46c3-9770-8b55b1c8bc58,bd04252a-c84c-4b44-b1c5-eb48097c48e8
6aa7c983-3ff5-4da9-889d-aaf399c8ea7a,96d9ae8b-2a10-4724-9e08-4ae2d4183077
6bb351d6-c749-444f-aa6e-8daa04f0dad8,99dd00ca-9573-425e-9ec0-e2f0e52c3e1e
6c210118-458b-4777-bcf1-d06137a1a72a,f2a6fa58-5306-4d1d-9bf2-29985264f7c9
6c67c00e-22e3-4e24-85a3-3be802c1160a,61337ed7-f94e-4806-ba04-962eca86c793
6c67c00e-22e3-4e24-85a3-3be802c1160a,7ced2f7b-0fe8-4422-a068-f3f8582a8f7f
6c67c00e-22e3-4e24-85a3-3be802c1160a,b09d7dac-c133-485f-b59d-c8bfcaa7181b
6c67c00e-22e3-4e24-85a3-3be802c1160a,bd04252a-c84c-4b44-b1c5-eb48097c48e8
6c67c00e-22e3-4e24-85a3-3be802c1160a,ceee8cbc-e3f7-4096-abb2-f1c50e278ef6
6d0a0fdc-86c5-4b79-90b2-b05f8c7655b3,ceee8cbc-e3f7-4096-abb2-f1c50e278ef6
6d0a0fdc-86c5-4b79-90b2-b05f8c7655b3,f2a6fa58-5306-4d1d-9bf2-29985264f7c9
6dde524c-e3e3-4544-a392-2d3f77cdb0a3,7ced2f7b-0fe8-4422-a068-f3f8582a8f7f
6e04721d-9b71-496a-aa98-2a60b1f35e90,f8c96450-b8de-4e94-8cd4-15569bd66309
6ee4fb07-b7ee-49e8-a296-c2b80b6fc91f,7ced2f7b-0fe8-4422-a068-f3f8582a8f7f
6ee4fb07-b7ee-49e8-a296-c2b80b6fc91f,b09d7dac-c133-485f-b59d-c8bfcaa7181b
6ef3e31c-9088-4d30-a682-dbf8bc457174,e4c1ed0c-e4d8-4d49-b951-e44ab66bb515
6f12b357-ecb0-46d6-bb53-879595671d7f,ceee8cbc-e3f7-4096-abb2-f1c50e278ef6
6f12b357-ecb0-46d6-bb53-879595671d7f,f2a6fa58-5306-4d1d-9bf2-29985264f7c9
6fbb44ba-6610-4946-b671-f3c210578de4,f2a6fa58-5306-4d1d-9bf2-29985264f7c9
703058e8-4177-43ae-be5d-ef8ded168961,c712fff0-5b88-42f0-bdd5-499194a775d5
70d12ab5-ed80-4467-a149-e7674a3ab9f0,e4c1ed0c-e4d8-4d49-b951-e44ab66bb515
70ee07c7-8b63-4634-8da8-bcabf15aa76e,44454d3d-e5e6-4f18-a330-cedca7fbb482
70ee07c7-8b63-4634-8da8-bcabf15aa76e,71e9f370-882c-45c2-85b3-a1cc5773bb55
71264626-88e6-4655-8ee1-0390b48c561c,a48b2293-31bd-401a-b71f-388f3b8d6851
72338a0b-4f7c-4fd7-8148-b96df2835684,249708cf-a408-4111-a0f8-823eea93775c
7237177a-7e76-434b-a964-70fb77ce2152,96d9ae8b-2a10-4724-9e08-4ae2d4183077
724d64ca-0320-4280-a5f0-63ea3d355fbe,7ced2f7b-0fe8-4422-a068-f3f8582a8f7f
724d64ca-0320-4280-a5f0-63ea3d355fbe,b09d7dac-c133-485f-b59d-c8bfcaa7181b
724d64ca-0320-4280-a5f0-63ea3d355fbe,bd04252a-c84c-4b44-b1c5-eb48097c48e8
724fdf8a-6263-4eed-a58c-a7efc1fadf85,18da9dba-20c6-4258-ac08-fbfa9ff7b04e
7346e36d-0978-4e95-8c82-61d0c00083be,c712fff0-5b88-42f0-bdd5-499194a775d5
73b64272-ce19-43f6-aeba-69456fe523c1,f2a6fa58-5306-4d1d-9bf2-29985264f7c9
73d69452-2693-4835-b898-45b2f2f5ea62,b09d7dac-c133-485f-b59d-c8bfcaa7181b
7416d827-7eaa-43ce-b9b6-e932bdbc3930,e4c1ed0c-e4d8-4d49-b951-e44ab66bb515
74720881-d69a-4add-a7cd-3ee64d5fc606,24ef4982-8c42-4524-8a43-dd4b0c6f249b
765671de-5006-42de-92f0-3d29816c457e,ceee8cbc-e3f7-4096-abb2-f1c50e278ef6
765f6ed1-c557-4b5d-b9dd-d96c26060b4f,2298a355-579f-48c5-8f3b-d17da6e6907a
775402b3-afd4-4a9f-ba00-f1bd738460f3,e4c1ed0c-e4d8-4d49-b951-e44ab66bb515
776bc75a-1a7f-4abf-bc6c-6a79db864d8f,f2a6fa58-5306-4d1d-9bf2-29985264f7c9
780a92f4-629c-4bb2-91dc-a4af376772f9,61337ed7-f94e-4806-ba04-962eca86c793
780a92f4-629c-4bb2-91dc-a4af376772f9,7ced2f7b-0fe8-4422-a068-f3f8582a8f7f
780a92f4-629c-4bb2-91dc-a4af376772f9,b09d7dac-c133-485f-b59d-c8bfcaa7181b
78b1afba-c2eb-4ea5-bf8c-0eee374d11e1,ceee8cbc-e3f7-4096-abb2-f1c50e278ef6
78b1afba-c2eb-4ea5-bf8c-0eee374d11e1,f2a6fa58-5306-4d1d-9bf2-29985264f7c9
78b276c0-eb1e-439a-bd3e-35ae3d82e9e7,ceee8cbc-e3f7-4096-abb2-f1c50e278ef6
78b276c0-eb1e-439a-bd3e-35ae3d82e9e7,f2a6fa58-5306-4d1d-9bf2-29985264f7c9
78fcee27-2968-449f-8806-120329f3abbe,ceee8cbc-e3f7-4096-abb2-f1c50e278ef6
78fcee27-2968-449f-8806-120329f3abbe,f2a6fa58-5306-4d1d-9bf2-29985264f7c9
7a117dd7-5ea6-43be-ab19-8790e5004c9a,aee4ae59-3150-4b08-ba09-d93f39c1debc
7ad49965-21bd-4d84-8153-7cded5f5db86,61337ed7-f94e-4806-ba04-962eca86c793
7ad49965-21bd-4d84-8153-7cded5f5db86,b09d7dac-c133-485f-b59d-c8bfcaa7181b
7ad49965-21bd-4d84-8153-7cded5f5db86,bd04252a-c84c-4b44-b1c5-eb48097c48e8
7b430297-37b9-4250-81a9-03d640974401,96d9ae8b-2a10-4724-9e08-4ae2d4183077
7be60e7f-50bd-4ff3-afc7-bb0d6eec4a92,e4c1ed0c-e4d8-4d49-b951-e44ab66bb515
7c7bf752-9ee7-48ce-a0c8-6e3a399ceae7,fe4c4c83-d199-4297-ae94-1e150244d3d6
7d2e1ea9-b616-4521-b1df-f2772b0da02f,aee4ae59-3150-4b08-ba09-d93f39c1debc
7d3e66b4-f382-4c3c-b689-2d5395a176bd,61337ed7-f94e-4806-ba04-962eca86c793
7d3e66b4-f382-4c3c-b689-2d5395a176bd,7ced2f7b-0fe8-4422-a068-f3f8582a8f7f
7d3e66b4-f382-4c3c-b689-2d5395a176bd,b09d7dac-c133-485f-b59d-c8bfcaa7181b
7d3e66b4-f382-4c3c-b689-2d5395a176bd,bd04252a-c84c-4b44-b1c5-eb48097c48e8
7d3e66b4-f382-4c3c-b689-2d5395a176bd,ceee8cbc-e3f7-4096-abb2-f1c50e278ef6
7da2b668-6efe-48a4-b1ef-4c30c5d449fa,6f065003-606b-47ef-b01b-397f83371452
7e9ed8ba-25bd-4f60-8ea2-18453f5d073f,b09d7dac-c133-485f-b59d-c8bfcaa7181b
80fc64c4-c66d-4d4d-b714-5dc511c917c4,bd04252a-c84c-4b44-b1c5-eb48097c48e8
80fe1f15-46a8-4ac3-b509-af45b56ae539,61337ed7-f94e-4806-ba04-962eca86c793
80fe1f15-46a8-4ac3-b509-af45b56ae539,7ced2f7b-0fe8-4422-a068-f3f8582a8f7f
80fe1f15-46a8-4ac3-b509-af45b56ae539,b09d7dac-c133-485f-b59d-c8bfcaa7181b
80fe1f15-46a8-4ac3-b509-af45b56ae539,bd04252a-c84c-4b44-b1c5-eb48097c48e8
80fe1f15-46a8-4ac3-b509-af45b56ae539,ceee8cbc-e3f7-4096-abb2-f1c50e278ef6
8162ef72-4c5c-4272-88a5-d21bf0b00b9d,249708cf-a408-4111-a0f8-823eea93775c
8198acbd-7141-4693-a0ae-2bf5cd62d2cf,ceee8cbc-e3f7-4096-abb2-f1c50e278ef6
8198acbd-7141-4693-a0ae-2bf5cd62d2cf,f2a6fa58-5306-4d1d-9bf2-29985264f7c9
82e7cb39-893d-407c-962b-70dc455ef9ef,e4c1ed0c-e4d8-4d49-b951-e44ab66bb515
833de16e-0254-49a3-87e9-479d01ac8bd6,539e2a77-d171-40f4-953d-5b299a274a70
837ca531-dcfb-4c00-bf78-a23e152f5955,f2a6fa58-5306-4d1d-9bf2-29985264f7c9
838ec493-8e1c-43f1-83ac-d65f57992844,e4c1ed0c-e4d8-4d49-b951-e44ab66bb515
83b14719-ac66-4ac2-be2c-2eff2eba1ab4,61337ed7-f94e-4806-ba04-962eca86c793
83b14719-ac66-4ac2-be2c-2eff2eba1ab4,7ced2f7b-0fe8-4422-a068-f3f8582a8f7f
83b14719-ac66-4ac2-be2c-2eff2eba1ab4,b09d7dac-c133-485f-b59d-c8bfcaa7181b
83b14719-ac66-4ac2-be2c-2eff2eba1ab4,bd04252a-c84c-4b44-b1c5-eb48097c48e8
83cf70fd-3d01-49d5-bf2e-3478964cff72,96d9ae8b-2a10-4724-9e08-4ae2d4183077
842812f3-eae3-4193-b1e7-ffd384275368,61337ed7-f94e-4806-ba04-962eca86c793
858768c1-923e-4c62-b750-0eaf3048ed50,f2a6fa58-5306-4d1d-9bf2-29985264f7c9
860df259-0111-406b-ae70-f8e417de2019,c2aa238b-01f8-4aff-8d82-22f4d88eaa8a
867ce40c-b672-4db9-944e-d49f603997a1,e4c1ed0c-e4d8-4d49-b951-e44ab66bb515
878afcfb-dda7-4bc4-b8ae-e21635467fa8,24ef4982-8c42-4524-8a43-dd4b0c6f249b
879cce68-e2e8-4961-86fa-d479b7edf8a7,fe4c4c83-d199-4297-ae94-1e150244d3d6
87a978c5-0a56-4b39-aecc-ead83db246b7,96d9ae8b-2a10-4724-9e08-4ae2d4183077
87b426a7-a697-4e9f-83b7-ff1fbba08e15,e4c1ed0c-e4d8-4d49-b951-e44ab66bb515
87e2cc18-2f4f-4a89-a816-293683006071,96d9ae8b-2a10-4724-9e08-4ae2d4183077
88304e09-a814-42fd-8abf-a259caba7c63,71e9f370-882c-45c2-85b3-a1cc5773bb55
889faba3-901b-4de7-b4e2-e8a4d763cae5,96d9ae8b-2a10-4724-9e08-4ae2d4183077
890beace-f5c4-455f-bae0-040b98636138,96d9ae8b-2a10-4724-9e08-4ae2d4183077
89280284-42a6-4643-8918-8436fa52c742,96d9ae8b-2a10-4724-9e08-4ae2d4183077
893be3ff-d33c-4b91-90d8-7fb923a81975,f2a6fa58-5306-4d1d-9bf2-29985264f7c9
8b9a6a6b-4a3e-4de6-9b36-3c6d3c09974f,f2a6fa58-5306-4d1d-9bf2-29985264f7c9
8bb04556-ae8e-4397-8849-36f7a8d07f0e,ceee8cbc-e3f7-4096-abb2-f1c50e278ef6
8bb04556-ae8e-4397-8849-36f7a8d07f0e,f2a6fa58-5306-4d1d-9bf2-29985264f7c9
8c06d758-aa49-4658-9f39-301f62fed77a,96d9ae8b-2a10-4724-9e08-4ae2d4183077
8c088cfc-5e0a-49a1-b078-242999574815,539e2a77-d171-40f4-953d-5b299a274a70
8c73c845-a335-4cbe-b2d2-50964fc2cb67,f2a6fa58-5306-4d1d-9bf2-29985264f7c9
8d141bd8-241f-455f-9557-628d6e1d813a,e16029c7-ebb8-4b20-bd44-d7f5f66f3cae
8d7f7ce5-0935-4be0-82ed-904a31dc4f44,ad14e07f-490c-4dc3-b10f-021d37ddb2da
8dba587b-8bba-46c9-9dca-737d784e98bf,6e657b0b-2b5a-462b-9257-547ead49daa1
8f37be5c-a7f0-4512-a849-000acd4eb3b2,b09d7dac-c133-485f-b59d-c8bfcaa7181b
8f7043f9-5fcf-4a66-b9fe-180b36b89755,61337ed7-f94e-4806-ba04-962eca86c793
8f7043f9-5fcf-4a66-b9fe-180b36b89755,7ced2f7b-0fe8-4422-a068-f3f8582a8f7f
8f7043f9-5fcf-4a66-b9fe-180b36b89755,b09d7dac-c133-485f-b59d-c8bfcaa7181b
8f7043f9-5fcf-4a66-b9fe-180b36b89755,bd04252a-c84c-4b44-b1c5-eb48097c48e8
8f73e368-61e6-4351-b4bd-0f9450e8bfa5,b09d7dac-c133-485f-b59d-c8bfcaa7181b
90ad5760-68a4-413f-a6de-c6cd7d48a986,61337ed7-f94e-4806-ba04-962eca86c793
90ad5760-68a4-413f-a6de-c6cd7d48a986,7ced2f7b-0fe8-4422-a068-f3f8582a8f7f
90ad5760-68a4-413f-a6de-c6cd7d48a986,b09d7dac-c133-485f-b59d-c8bfcaa7181b
90ad5760-68a4-413f-a6de-c6cd7d48a986,bd04252a-c84c-4b44-b1c5-eb48097c48e8
90ad5760-68a4-413f-a6de-c6cd7d48a986,ceee8cbc-e3f7-4096-abb2-f1c50e278ef6
9195d454-c423-44da-a51f-9c0bcc4683e4,2dbe39e5-925b-4370-baed-bed3797a1122
9195d454-c423-44da-a51f-9c0bcc4683e4,ad14e07f-490c-4dc3-b10f-021d37ddb2da
91962653-7426-4ff5-b805-4a6d1877c213,61337ed7-f94e-4806-ba04-962eca86c793
91962653-7426-4ff5-b805-4a6d1877c213,b09d7dac-c133-485f-b59d-c8bfcaa7181b
91962653-7426-4ff5-b805-4a6d1877c213,bd04252a-c84c-4b44-b1c5-eb48097c48e8
91cc1634-0133-4503-ac33-4e17b12841ca,e4c1ed0c-e4d8-4d49-b951-e44ab66bb515
93604676-1f87-4546-bc2a-d374b3e2affc,b09d7dac-c133-485f-b59d-c8bfcaa7181b
9411bd71-d49b-4d8a-bdbe-fe90694dea1b,f2a6fa58-5306-4d1d-9bf2-29985264f7c9
94b0be14-87b2-46e6-afc8-6cf69658e5de,ceee8cbc-e3f7-4096-abb2-f1c50e278ef6
94b0be14-87b2-46e6-afc8-6cf69658e5de,f2a6fa58-5306-4d1d-9bf2-29985264f7c9
954b749f-abe2-4539-b57b-e40551a3e366,a48b2293-31bd-401a-b71f-388f3b8d6851
95cecca4-54f7-4b5e-8e97-9377c9ea9187,39bbd502-dc51-451b-abdf-67e3daa168d5
95fe40ec-9352-4b1a-8238-1d552e257a36,96d9ae8b-2a10-4724-9e08-4ae2d4183077
960e3b6f-391b-4044-ae9f-9371a3560b41,71e9f370-882c-45c2-85b3-a1cc5773bb55
9672210c-8eca-4c37-bdb9-884138d2b771,bd04252a-c84c-4b44-b1c5-eb48097c48e8
96ffc2a6-3d4e-4521-98ad-1d3dbe341ed7,96d9ae8b-2a10-4724-9e08-4ae2d4183077
97414c13-9daf-4e86-89f6-fbd6b1ddaf68,e4c1ed0c-e4d8-4d49-b951-e44ab66bb515
977bff55-d567-4c68-b615-319f3a09f3a5,7ced2f7b-0fe8-4422-a068-f3f8582a8f7f
977bff55-d567-4c68-b615-319f3a09f3a5,b09d7dac-c133-485f-b59d-c8bfcaa7181b
980fae96-dc90-4eae-b6ec-840dc26d270f,6a5c4a88-6b10-4695-b80d-a091c23101a0
987d6e0e-2e9f-467d-87ba-c1325776b093,96d9ae8b-2a10-4724-9e08-4ae2d4183077
991a9a83-0c79-493d-b883-fab65cd41124,96d9ae8b-2a10-4724-9e08-4ae2d4183077
99239062-ae84-4f65-8cca-c7fbcb157422,bd04252a-c84c-4b44-b1c5-eb48097c48e8
996697cd-82af-4ce8-9126-892d470ae64b,e4c1ed0c-e4d8-4d49-b951-e44ab66bb515
9a0fb4ca-d1fc-4549-98e0-ee40bc155a3c,61337ed7-f94e-4806-ba04-962eca86c793
9a0fb4ca-d1fc-4549-98e0-ee40bc155a3c,7ced2f7b-0fe8-4422-a068-f3f8582a8f7f
9a0fb4ca-d1fc-4549-98e0-ee40bc155a3c,b09d7dac-c133-485f-b59d-c8bfcaa7181b
9a0fb4ca-d1fc-4549-98e0-ee40bc155a3c,bd04252a-c84c-4b44-b1c5-eb48097c48e8
9b5682e5-83ac-44b9-80f9-01a46fc569b4,61337ed7-f94e-4806-ba04-962eca86c793
9b5682e5-83ac-44b9-80f9-01a46fc569b4,7ced2f7b-0fe8-4422-a068-f3f8582a8f7f
9b5682e5-83ac-44b9-80f9-01a46fc569b4,b09d7dac-c133-485f-b59d-c8bfcaa7181b
9b5682e5-83ac-44b9-80f9-01a46fc569b4,bd04252a-c84c-4b44-b1c5-eb48097c48e8
9b5682e5-83ac-44b9-80f9-01a46fc569b4,ceee8cbc-e3f7-4096-abb2-f1c50e278ef6
9bb404f2-7e99-42c5-b819-588097847ea3,fe4c4c83-d199-4297-ae94-1e150244d3d6
9c1f80ca-420a-4087-84d7-c256cf067112,96d9ae8b-2a10-4724-9e08-4ae2d4183077
9c774944-863d-4b12-933d-a66ece63d937,7ced2f7b-0fe8-4422-a068-f3f8582a8f7f
9c774944-863d-4b12-933d-a66ece63d937,b09d7dac-c133-485f-b59d-c8bfcaa7181b
9c774944-863d-4b12-933d-a66ece63d937,ceee8cbc-e3f7-4096-abb2-f1c50e278ef6
9c77dcd1-5eb6-41a3-8369-bb8f6cad88f3,ef91bcd6-6c0a-4c90-8b49-e1a343fe1448
9d1e3639-0e23-4f66-944a-92e9ef3c8851,61337ed7-f94e-4806-ba04-962eca86c793
9d7f34c7-8bd8-4c03-b8aa-f8bd8e75efbf,7ced2f7b-0fe8-4422-a068-f3f8582a8f7f
9d892f3b-aa6e-4625-9507-085c88441a3b,b09d7dac-c133-485f-b59d-c8bfcaa7181b
9dc8ea0f-f669-4b5f-9306-86d172c7b3f0,61337ed7-f94e-4806-ba04-962eca86c793
9e719156-c35c-4f03-9103-7146a7c0ca54,076af32f-c886-410c-bbc5-91a3fe3da63e
9e888217-2526-4ceb-a753-ef37994531d0,61337ed7-f94e-4806-ba04-962eca86c793
9eb1350b-e80b-42c5-a3af-b99dbac7be1f,f8c96450-b8de-4e94-8cd4-15569bd66309
9ffd4408-dab5-4fa6-8dbb-ce67b17c1c97,c712fff0-5b88-42f0-bdd5-499194a775d5
a1d7c20a-2392-44ef-8050-45e83d6ab265,61337ed7-f94e-4806-ba04-962eca86c793
a1d7c20a-2392-44ef-8050-45e83d6ab265,7ced2f7b-0fe8-4422-a068-f3f8582a8f7f
a1d7c20a-2392-44ef-8050-45e83d6ab265,b09d7dac-c133-485f-b59d-c8bfcaa7181b
a1d7c20a-2392-44ef-8050-45e83d6ab265,bd04252a-c84c-4b44-b1c5-eb48097c48e8
a1d7c20a-2392-44ef-8050-45e83d6ab265,ceee8cbc-e3f7-4096-abb2-f1c50e278ef6
a1dd581f-a28c-417a-a029-34bcf1859e28,2dbe39e5-925b-4370-baed-bed3797a1122
a2160ef0-1ec1-4c28-8761-120a1beda37d,539e2a77-d171-40f4-953d-5b299a274a70
a31679cf-f8a4-45ae-b79f-110c54f529a5,2dbe39e5-925b-4370-baed-bed3797a1122
a4909c31-353a-4f96-966f-84bde8a39392,b09d7dac-c133-485f-b59d-c8bfcaa7181b
a4b65330-e28b-4154-b9b7-bb3fba3c1137,f2a6fa58-5306-4d1d-9bf2-29985264f7c9
a51a86f4-3332-4221-ae5e-3fc644c9fc07,7ced2f7b-0fe8-4422-a068-f3f8582a8f7f
a51a86f4-3332-4221-ae5e-3fc644c9fc07,b09d7dac-c133-485f-b59d-c8bfcaa7181b
a678564f-424f-4699-9a60-744e0880e09b,aee4ae59-3150-4b08-ba09-d93f39c1debc
a6816725-a86f-426c-b9d0-f508b536b4ce,b09d7dac-c133-485f-b59d-c8bfcaa7181b
a73de8c1-0d91-40bf-a2b4-c72406996060,61337ed7-f94e-4806-ba04-962eca86c793
a73de8c1-0d91-40bf-a2b4-c72406996060,7ced2f7b-0fe8-4422-a068-f3f8582a8f7f
a73de8c1-0d91-40bf-a2b4-c72406996060,b09d7dac-c133-485f-b59d-c8bfcaa7181b
a73de8c1-0d91-40bf-a2b4-c72406996060,bd04252a-c84c-4b44-b1c5-eb48097c48e8
a73de8c1-0d91-40bf-a2b4-c72406996060,ceee8cbc-e3f7-4096-abb2-f1c50e278ef6
a76461b0-6480-4979-8b92-f45cb2a3cc92,ceee8cbc-e3f7-4096-abb2-f1c50e278ef6
a76461b0-6480-4979-8b92-f45cb2a3cc92,f2a6fa58-5306-4d1d-9bf2-29985264f7c9
a7ad4dfa-3b9c-4354-95cf-03a377309c7f,61337ed7-f94e-4806-ba04-962eca86c793
a7ad4dfa-3b9c-4354-95cf-03a377309c7f,7ced2f7b-0fe8-4422-a068-f3f8582a8f7f
a7ad4dfa-3b9c-4354-95cf-03a377309c7f,b09d7dac-c133-485f-b59d-c8bfcaa7181b
a7ad4dfa-3b9c-4354-95cf-03a377309c7f,bd04252a-c84c-4b44-b1c5-eb48097c48e8
a7ad4dfa-3b9c-4354-95cf-03a377309c7f,ceee8cbc-e3f7-4096-abb2-f1c50e278ef6
a7cd142e-a8e9-47e0-938d-a94992eccd8b,44454d3d-e5e6-4f18-a330-cedca7fbb482
a7cd142e-a8e9-47e0-938d-a94992eccd8b,6a5c4a88-6b10-4695-b80d-a091c23101a0
a7fa5f57-40a2-4403-97f3-899975c6a373,e4c1ed0c-e4d8-4d49-b951-e44ab66bb515
a8103d7b-a2ab-4a29-ace0-3ad87cec0bad,99dd00ca-9573-425e-9ec0-e2f0e52c3e1e
a8782597-c695-4e8a-b7f8-e97aef4e207e,6570d38b-08a9-4320-b2ae-c180459da9b2
a8a2ff30-becb-44f2-b56a-f23da3824345,e4c1ed0c-e4d8-4d49-b951-e44ab66bb515
a9b3362e-ac71-4858-9198-023c08300a22,61337ed7-f94e-4806-ba04-962eca86c793
a9b3362e-ac71-4858-9198-023c08300a22,7ced2f7b-0fe8-4422-a068-f3f8582a8f7f
a9b3362e-ac71-4858-9198-023c08300a22,b09d7dac-c133-485f-b59d-c8bfcaa7181b
a9b3362e-ac71-4858-9198-023c08300a22,bd04252a-c84c-4b44-b1c5-eb48097c48e8
a9b3362e-ac71-4858-9198-023c08300a22,ceee8cbc-e3f7-4096-abb2-f1c50e278ef6
aa1b4d60-20d6-424a-a78f-2369d1d1b5ec,18da9dba-20c6-4258-ac08-fbfa9ff7b04e
ab8c5166-37ce-4cec-ab99-80152e89750d,e4c1ed0c-e4d8-4d49-b951-e44ab66bb515
abc46541-258a-4a52-b3b4-5d9090039226,7ced2f7b-0fe8-4422-a068-f3f8582a8f7f
ac0c40d6-7638-4b75-b1ac-9acf85c8902b,ceee8cbc-e3f7-4096-abb2-f1c50e278ef6
ac59f821-50fe-4f51-9b36-4e767815ffe8,e4c1ed0c-e4d8-4d49-b951-e44ab66bb515
ad5d7d2e-f1b6-4131-919b-e7dc889005a4,f2a6fa58-5306-4d1d-9bf2-29985264f7c9
add26ad6-9621-4e35-9e9f-ad6f392c7af6,e4c1ed0c-e4d8-4d49-b951-e44ab66bb515
add54d7c-a154-46f4-94d1-00645bd8a452,e4c1ed0c-e4d8-4d49-b951-e44ab66bb515
ae737436-e008-444e-8ebd-8a932bd91ae9,61337ed7-f94e-4806-ba04-962eca86c793
ae8dc5d5-5246-404b-9095-555322716771,ceee8cbc-e3f7-4096-abb2-f1c50e278ef6
af46700a-3c55-4454-a69c-94a04bb4a7ce,a48b2293-31bd-401a-b71f-388f3b8d6851
af5961af-80e2-445c-9d87-09b0d7deeb2b,ceee8cbc-e3f7-4096-abb2-f1c50e278ef6
af5961af-80e2-445c-9d87-09b0d7deeb2b,f2a6fa58-5306-4d1d-9bf2-29985264f7c9
af6e5e4f-c9b8-4ce0-ad5c-0207340b48cb,61337ed7-f94e-4806-ba04-962eca86c793
af6e5e4f-c9b8-4ce0-ad5c-0207340b48cb,7ced2f7b-0fe8-4422-a068-f3f8582a8f7f
af6e5e4f-c9b8-4ce0-ad5c-0207340b48cb,b09d7dac-c133-485f-b59d-c8bfcaa7181b
af6e5e4f-c9b8-4ce0-ad5c-0207340b48cb,bd04252a-c84c-4b44-b1c5-eb48097c48e8
afdec526-3f72-4380-a2ed-5a1683233557,f2a6fa58-5306-4d1d-9bf2-29985264f7c9
b0871234-0a8e-45e8-a482-5eed47e1bb01,ceee8cbc-e3f7-4096-abb2-f1c50e278ef6
b0871234-0a8e-45e8-a482-5eed47e1bb01,f2a6fa58-5306-4d1d-9bf2-29985264f7c9
b0e6fd1d-7e37-44ac-b556-beca05d7bf9c,61337ed7-f94e-4806-ba04-962eca86c793
b0e6fd1d-7e37-44ac-b556-beca05d7bf9c,bd04252a-c84c-4b44-b1c5-eb48097c48e8
b10c2c48-a1b6-4a23-81d2-ea63999c26ca,96d9ae8b-2a10-4724-9e08-4ae2d4183077
b13c4208-3feb-4248-9d36-231e3ab95361,96d9ae8b-2a10-4724-9e08-4ae2d4183077
b1c8bc62-ab20-4a54-9d8d-8a0317a4f337,7ced2f7b-0fe8-4422-a068-f3f8582a8f7f
b1c8bc62-ab20-4a54-9d8d-8a0317a4f337,b09d7dac-c133-485f-b59d-c8bfcaa7181b
b1c8bc62-ab20-4a54-9d8d-8a0317a4f337,bd04252a-c84c-4b44-b1c5-eb48097c48e8
b1ea3997-7406-4838-81ef-affc74b2bd78,aee4ae59-3150-4b08-ba09-d93f39c1debc
b23c9ef1-8eee-4aec-a796-46ebf8f4f570,f8c96450-b8de-4e94-8cd4-15569bd66309
b26fe720-606d-4bdd-8399-46b4874699a5,bd04252a-c84c-4b44-b1c5-eb48097c48e8
b28407b0-963e-4123-8f9e-20f3c7e12c62,61337ed7-f94e-4806-ba04-962eca86c793
b28407b0-963e-4123-8f9e-20f3c7e12c62,7ced2f7b-0fe8-4422-a068-f3f8582a8f7f
b28407b0-963e-4123-8f9e-20f3c7e12c62,b09d7dac-c133-485f-b59d-c8bfcaa7181b
b28407b0-963e-4123-8f9e-20f3c7e12c62,bd04252a-c84c-4b44-b1c5-eb48097c48e8
b333668a-a44a-44cc-9838-c3f688db3b66,96d9ae8b-2a10-4724-9e08-4ae2d4183077
b348560f-8540-4101-8e82-9fe689e474fa,f2a6fa58-5306-4d1d-9bf2-29985264f7c9
b363998b-d2b3-4127-96a2-86c03fb673fd,61337ed7-f94e-4806-ba04-962eca86c793
b37a2abc-fb13-4b36-8d77-66422e4b6681,ceee8cbc-e3f7-4096-abb2-f1c50e278ef6
b3d084f1-18b2-430b-be53-ef0d9454a548,96d9ae8b-2a10-4724-9e08-4ae2d4183077
b4adcfa3-14a1-4593-8f26-84aed9423740,96d9ae8b-2a10-4724-9e08-4ae2d4183077
b589df72-496d-40a5-af5a-f8950433aacd,b09d7dac-c133-485f-b59d-c8bfcaa7181b
b5d36d5f-ac43-4762-8f09-035650443469,e6a4400d-0ef0-4dda-bf2a-0a884791a06d
b648e77c-eeef-4a05-a24b-2bd83d86f3c4,249708cf-a408-4111-a0f8-823eea93775c
b6537541-eaa7-4989-8646-48897b14b28e,96d9ae8b-2a10-4724-9e08-4ae2d4183077
b78965b6-db0f-4e6b-8801-214045a71e4d,96d9ae8b-2a10-4724-9e08-4ae2d4183077
b7c7c0b5-6053-418b-9335-6db0f0cc758f,61337ed7-f94e-4806-ba04-962eca86c793
b896a0da-40f8-4fab-9360-5e32d52cb2dc,f2a6fa58-5306-4d1d-9bf2-29985264f7c9
b8cf13d5-4480-4ebc-8c29-373b3b9e6980,5f1d0abf-3250-41a0-9336-add23eb333cb
b8d9cea4-0eb9-4a05-bf4e-f7b7bfed34ae,61337ed7-f94e-4806-ba04-962eca86c793
b8d9cea4-0eb9-4a05-bf4e-f7b7bfed34ae,ceee8cbc-e3f7-4096-abb2-f1c50e278ef6
b9ce842d-27a5-4ac5-a878-78d7b8fd8797,96d9ae8b-2a10-4724-9e08-4ae2d4183077
ba42b5f5-d8bc-44cd-aa09-60280e87635c,f2a6fa58-5306-4d1d-9bf2-29985264f7c9
bad3ba1d-6a3f-4912-9507-b63e903b6200,a48b2293-31bd-401a-b71f-388f3b8d6851
bd0ccda0-4d8d-46d3-a982-73628c348894,aee4ae59-3150-4b08-ba09-d93f39c1debc
bd4ee332-9e56-4839-81b3-334e4cf3cf8c,61337ed7-f94e-4806-ba04-962eca86c793
bd4ee332-9e56-4839-81b3-334e4cf3cf8c,7ced2f7b-0fe8-4422-a068-f3f8582a8f7f
bd4ee332-9e56-4839-81b3-334e4cf3cf8c,b09d7dac-c133-485f-b59d-c8bfcaa7181b
bd4ee332-9e56-4839-81b3-334e4cf3cf8c,bd04252a-c84c-4b44-b1c5-eb48097c48e8
bd7ab1f3-6e65-4db6-8d12-63d644a8622e,ad14e07f-490c-4dc3-b10f-021d37ddb2da
bd7ab1f3-6e65-4db6-8d12-63d644a8622e,e16029c7-ebb8-4b20-bd44-d7f5f66f3cae
be20dd23-8920-41a1-be4c-0be5fb05f51f,96d9ae8b-2a10-4724-9e08-4ae2d4183077
be4302e0-f35d-46ff-9c8d-4b0fad2cc5da,e4c1ed0c-e4d8-4d49-b951-e44ab66bb515
be58f92e-0339-4983-ac00-76cae0e3a22a,96d9ae8b-2a10-4724-9e08-4ae2d4183077
bf19fa71-2237-4d4b-8ba0-735141ddd702,fe4c4c83-d199-4297-ae94-1e150244d3d6
bf6e68bf-ae3c-470d-b472-4160858e90eb,f2a6fa58-5306-4d1d-9bf2-29985264f7c9
bfa19193-5f71-40bc-9943-4d8597feb247,6a5c4a88-6b10-4695-b80d-a091c23101a0
c05fefcf-ef65-4180-a218-a9b83bf4411f,61337ed7-f94e-4806-ba04-962eca86c793
c05fefcf-ef65-4180-a218-a9b83bf4411f,7ced2f7b-0fe8-4422-a068-f3f8582a8f7f
c05fefcf-ef65-4180-a218-a9b83bf4411f,b09d7dac-c133-485f-b59d-c8bfcaa7181b
c05fefcf-ef65-4180-a218-a9b83bf4411f,bd04252a-c84c-4b44-b1c5-eb48097c48e8
c0f5afcc-2d53-4b7c-b027-d37061cb75c4,61337ed7-f94e-4806-ba04-962eca86c793
c0f5afcc-2d53-4b7c-b027-d37061cb75c4,7ced2f7b-0fe8-4422-a068-f3f8582a8f7f
c0f5afcc-2d53-4b7c-b027-d37061cb75c4,b09d7dac-c133-485f-b59d-c8bfcaa7181b
c0f5afcc-2d53-4b7c-b027-d37061cb75c4,bd04252a-c84c-4b44-b1c5-eb48097c48e8
c156ed07-61d0-4f72-9958-3796c7e2eb54,ef91bcd6-6c0a-4c90-8b49-e1a343fe1448
c1e863d8-f6f5-4704-8027-34a2320a0593,7ced2f7b-0fe8-4422-a068-f3f8582a8f7f
c1e863d8-f6f5-4704-8027-34a2320a0593,b09d7dac-c133-485f-b59d-c8bfcaa7181b
c2055157-55ce-44a9-b315-674769409845,f2a6fa58-5306-4d1d-9bf2-29985264f7c9
c244f5f1-7f2d-4a68-aa89-2854f8080f3b,96d9ae8b-2a10-4724-9e08-4ae2d4183077
c292d954-4a7b-41f3-84b4-471d251125eb,61337ed7-f94e-4806-ba04-962eca86c793
c303df47-ee52-4126-bb8d-c1240e08a890,61337ed7-f94e-4806-ba04-962eca86c793
c3752020-33e6-427d-bd0b-94c252d65971,f2a6fa58-5306-4d1d-9bf2-29985264f7c9
c4fc59d3-edc2-46ee-831b-3d26b27a63b6,61337ed7-f94e-4806-ba04-962eca86c793
c4fc59d3-edc2-46ee-831b-3d26b27a63b6,7ced2f7b-0fe8-4422-a068-f3f8582a8f7f
c4fc59d3-edc2-46ee-831b-3d26b27a63b6,b09d7dac-c133-485f-b59d-c8bfcaa7181b
c4fc59d3-edc2-46ee-831b-3d26b27a63b6,bd04252a-c84c-4b44-b1c5-eb48097c48e8
c4fc59d3-edc2-46ee-831b-3d26b27a63b6,ceee8cbc-e3f7-4096-abb2-f1c50e278ef6
c5f47550-f8ec-48cd-85ee-7ac80cf44c11,44454d3d-e5e6-4f18-a330-cedca7fbb482
c707ec35-90df-4cd2-8872-d4f6f4deb360,96d9ae8b-2a10-4724-9e08-4ae2d4183077
c712e6f3-0d3f-47f2-9cb8-cee2afb8bc2a,7ced2f7b-0fe8-4422-a068-f3f8582a8f7f
c75af4c7-f72e-4cff-9bb4-54c49cdb69ac,bd04252a-c84c-4b44-b1c5-eb48097c48e8
c7bedc5a-9948-42e2-b047-0f591130a9c5,aee4ae59-3150-4b08-ba09-d93f39c1debc
c860caf4-269c-4f9d-b8d7-90d5dc6ea6c6,fe4c4c83-d199-4297-ae94-1e150244d3d6
c96d3995-0cc3-495c-96c3-a159409d7386,96d9ae8b-2a10-4724-9e08-4ae2d4183077
c9a36362-3840-481b-ac19-7c8eed622a4c,076af32f-c886-410c-bbc5-91a3fe3da63e
c9bc3c09-5700-4d3c-a05a-30693285cbcb,f8c96450-b8de-4e94-8cd4-15569bd66309
ca9a38cc-3919-42d5-a407-aa0b09aed6e1,ceee8cbc-e3f7-4096-abb2-f1c50e278ef6
caf69aba-7a0f-4322-94d9-f8962d0d7bb1,e4c1ed0c-e4d8-4d49-b951-e44ab66bb515
cb6e0d01-115d-41bf-949a-e3ae0c08ab95,61337ed7-f94e-4806-ba04-962eca86c793
cb6e0d01-115d-41bf-949a-e3ae0c08ab95,b09d7dac-c133-485f-b59d-c8bfcaa7181b
cc177e3c-45c2-4bef-80e6-b1cabaef66aa,e4c1ed0c-e4d8-4d49-b951-e44ab66bb515
ccbd6005-2b1b-40df-9e3a-d0263587a3e2,bd04252a-c84c-4b44-b1c5-eb48097c48e8
ccd3b707-0868-445d-a293-83b2eeb7379c,61337ed7-f94e-4806-ba04-962eca86c793
ccd3b707-0868-445d-a293-83b2eeb7379c,b09d7dac-c133-485f-b59d-c8bfcaa7181b
ccd3b707-0868-445d-a293-83b2eeb7379c,bd04252a-c84c-4b44-b1c5-eb48097c48e8
cd2a7117-7f1c-4bec-aa58-a9f7890b25bd,e4c1ed0c-e4d8-4d49-b951-e44ab66bb515
cd62b159-839f-4d8a-9242-1023890b52f0,61337ed7-f94e-4806-ba04-962eca86c793
cd62b159-839f-4d8a-9242-1023890b52f0,7ced2f7b-0fe8-4422-a068-f3f8582a8f7f
cd62b159-839f-4d8a-9242-1023890b52f0,b09d7dac-c133-485f-b59d-c8bfcaa7181b
cd62b159-839f-4d8a-9242-1023890b52f0,bd04252a-c84c-4b44-b1c5-eb48097c48e8
cd62b159-839f-4d8a-9242-1023890b52f0,ceee8cbc-e3f7-4096-abb2-f1c50e278ef6
cecc0b6d-2f4b-438c-977b-ab76e29afa08,61337ed7-f94e-4806-ba04-962eca86c793
cf614cd8-d751-477d-9f74-0bbb667a79fd,a48b2293-31bd-401a-b71f-388f3b8d6851
cf77537d-077b-4b18-9ec9-a429252589e3,e4c1ed0c-e4d8-4d49-b951-e44ab66bb515
cfff46a6-d935-4d67-8059-94ecbd81297e,fe4c4c83-d199-4297-ae94-1e150244d3d6
d01105f9-ef29-48ab-b483-62b3c763184b,7ced2f7b-0fe8-4422-a068-f3f8582a8f7f
d0f845a9-e8e0-4190-9e60-cfd077e1bc5c,ceee8cbc-e3f7-4096-abb2-f1c50e278ef6
d0f845a9-e8e0-4190-9e60-cfd077e1bc5c,f2a6fa58-5306-4d1d-9bf2-29985264f7c9
d13769eb-b787-463a-bac7-bed2e0759f32,ceee8cbc-e3f7-4096-abb2-f1c50e278ef6
d13769eb-b787-463a-bac7-bed2e0759f32,f2a6fa58-5306-4d1d-9bf2-29985264f7c9
d18d0771-0329-4425-9f94-8746ce987039,7ced2f7b-0fe8-4422-a068-f3f8582a8f7f
d2305b62-11a4-4366-9c3b-3b1a52b69ad9,61337ed7-f94e-4806-ba04-962eca86c793
d26cc58b-78eb-41ab-8af0-45063b6aac29,7ced2f7b-0fe8-4422-a068-f3f8582a8f7f
d26cc58b-78eb-41ab-8af0-45063b6aac29,b09d7dac-c133-485f-b59d-c8bfcaa7181b
d26cc58b-78eb-41ab-8af0-45063b6aac29,bd04252a-c84c-4b44-b1c5-eb48097c48e8
d3a6e463-aa84-49ec-8f36-fc63f4c21d31,6e657b0b-2b5a-462b-9257-547ead49daa1
d3af7a04-0753-4489-9789-ef762b8742b8,f2a6fa58-5306-4d1d-9bf2-29985264f7c9
d461cbc5-171d-4dd0-b7cb-9c1e9e0d7877,b03d2e7e-101e-4111-876f-35cface5c7fc
d4d333b8-3550-4572-ba02-6a768b99a30c,bd04252a-c84c-4b44-b1c5-eb48097c48e8
d4f4bd84-a6c9-4758-9670-d4408a759586,61337ed7-f94e-4806-ba04-962eca86c793
d56addff-3f51-4400-a917-60eb9fe29ad6,96d9ae8b-2a10-4724-9e08-4ae2d4183077
d7815c98-2257-4de4-89dc-6671fe08d253,e4c1ed0c-e4d8-4d49-b951-e44ab66bb515
d804d979-7f71-4e87-8dec-b5bdd37205ac,61337ed7-f94e-4806-ba04-962eca86c793
d804d979-7f71-4e87-8dec-b5bdd37205ac,7ced2f7b-0fe8-4422-a068-f3f8582a8f7f
d804d979-7f71-4e87-8dec-b5bdd37205ac,b09d7dac-c133-485f-b59d-c8bfcaa7181b
d804d979-7f71-4e87-8dec-b5bdd37205ac,bd04252a-c84c-4b44-b1c5-eb48097c48e8
d804d979-7f71-4e87-8dec-b5bdd37205ac,ceee8cbc-e3f7-4096-abb2-f1c50e278ef6
d81bfb35-e296-4108-b07c-99bc27ae64cb,96d9ae8b-2a10-4724-9e08-4ae2d4183077
d8221dd3-4240-4184-8f07-f0d43b200766,e16029c7-ebb8-4b20-bd44-d7f5f66f3cae
d8800503-750c-4029-b035-11c5dbef09ed,e4c1ed0c-e4d8-4d49-b951-e44ab66bb515
d99a97dc-0e6a-4981-8f17-20d717a159f1,61337ed7-f94e-4806-ba04-962eca86c793
d9f28010-e439-4cea-8495-650ce8338709,b09d7dac-c133-485f-b59d-c8bfcaa7181b
da500671-d8dc-45bb-98e9-688e0d52b164,f2a6fa58-5306-4d1d-9bf2-29985264f7c9
ddfff7d2-9b3c-4c58-a432-834ecd5f3e0d,6f065003-606b-47ef-b01b-397f83371452
de33053a-11d0-484d-9d06-26824018dc55,ceee8cbc-e3f7-4096-abb2-f1c50e278ef6
de33053a-11d0-484d-9d06-26824018dc55,f2a6fa58-5306-4d1d-9bf2-29985264f7c9
de3d86c1-76ef-43d9-a076-a9bf4dd248cf,f2a6fa58-5306-4d1d-9bf2-29985264f7c9
de4f4331-85c9-484b-a187-e955646833a6,18da9dba-20c6-4258-ac08-fbfa9ff7b04e
de5cd3c9-5dc3-4c8d-88e3-f660fdd760e6,96d9ae8b-2a10-4724-9e08-4ae2d4183077
e0030eb0-39da-4c65-8d5f-e7528b3fee68,ad14e07f-490c-4dc3-b10f-021d37ddb2da
e0030eb0-39da-4c65-8d5f-e7528b3fee68,bed7e0f5-32f3-4e66-9dfe-ee7d694ae69b
e1cd939b-3ba9-4894-812d-0e8d9a7e1cca,96d9ae8b-2a10-4724-9e08-4ae2d4183077
e1f01db1-4e29-4d60-9857-fe84fab1d284,96d9ae8b-2a10-4724-9e08-4ae2d4183077
e2a0cdd9-c3f6-47e6-a7a7-b56705e40ca6,61337ed7-f94e-4806-ba04-962eca86c793
e2a0cdd9-c3f6-47e6-a7a7-b56705e40ca6,7ced2f7b-0fe8-4422-a068-f3f8582a8f7f
e2a0cdd9-c3f6-47e6-a7a7-b56705e40ca6,b09d7dac-c133-485f-b59d-c8bfcaa7181b
e2a0cdd9-c3f6-47e6-a7a7-b56705e40ca6,bd04252a-c84c-4b44-b1c5-eb48097c48e8
e2a0cdd9-c3f6-47e6-a7a7-b56705e40ca6,ceee8cbc-e3f7-4096-abb2-f1c50e278ef6
e2a61a82-ea86-4934-97bb-c909d2f23398,61337ed7-f94e-4806-ba04-962eca86c793
e2a61a82-ea86-4934-97bb-c909d2f23398,bd04252a-c84c-4b44-b1c5-eb48097c48e8
e2e4066d-8aaf-4dee-8b9b-4a584d7074b4,e4c1ed0c-e4d8-4d49-b951-e44ab66bb515
e30a41d3-be7d-449f-860b-4d51d4515c64,7ced2f7b-0fe8-4422-a068-f3f8582a8f7f
e30aac66-af5a-49f5-985f-7c1363945e5f,7ced2f7b-0fe8-4422-a068-f3f8582a8f7f
e30bff7c-bb99-4787-a33e-20b3ebd25343,aee4ae59-3150-4b08-ba09-d93f39c1debc
e32e4699-8ed4-4b79-a546-33d7307cdb92,96d9ae8b-2a10-4724-9e08-4ae2d4183077
e38e90fa-2bbc-4881-84bd-da0d1df5b80e,61337ed7-f94e-4806-ba04-962eca86c793
e38e90fa-2bbc-4881-84bd-da0d1df5b80e,7ced2f7b-0fe8-4422-a068-f3f8582a8f7f
e38e90fa-2bbc-4881-84bd-da0d1df5b80e,b09d7dac-c133-485f-b59d-c8bfcaa7181b
e38e90fa-2bbc-4881-84bd-da0d1df5b80e,bd04252a-c84c-4b44-b1c5-eb48097c48e8
e38e90fa-2bbc-4881-84bd-da0d1df5b80e,ceee8cbc-e3f7-4096-abb2-f1c50e278ef6
e394ab2d-77a4-4892-8ddf-97d2dda9b9bf,bd04252a-c84c-4b44-b1c5-eb48097c48e8
e44f2d67-0a57-4d1c-961a-b6162a5bd775,61337ed7-f94e-4806-ba04-962eca86c793
e44f2d67-0a57-4d1c-961a-b6162a5bd775,b09d7dac-c133-485f-b59d-c8bfcaa7181b
e44f2d67-0a57-4d1c-961a-b6162a5bd775,bd04252a-c84c-4b44-b1c5-eb48097c48e8
e45f936f-1849-432e-a2ab-454d7be699e5,c492558a-42d3-4c9b-b8ca-bd6892349ee0
e4ef0105-6537-4259-8524-fa8ecfb65df5,ceee8cbc-e3f7-4096-abb2-f1c50e278ef6
e4ef0105-6537-4259-8524-fa8ecfb65df5,f2a6fa58-5306-4d1d-9bf2-29985264f7c9
e5197641-ca07-4427-bef6-b137fa7841fa,ceee8cbc-e3f7-4096-abb2-f1c50e278ef6
e5197641-ca07-4427-bef6-b137fa7841fa,f2a6fa58-5306-4d1d-9bf2-29985264f7c9
e5234991-51f0-4cfa-83ba-6fdf06ef03f0,18da9dba-20c6-4258-ac08-fbfa9ff7b04e
e5e40906-619c-487a-9d31-6cc2014a344f,5f1d0abf-3250-41a0-9336-add23eb333cb
e6619f02-7519-4dad-a6cd-d35021042fd3,6e657b0b-2b5a-462b-9257-547ead49daa1
e6b889cb-928b-422b-a4c1-3a634b65ee79,7ced2f7b-0fe8-4422-a068-f3f8582a8f7f
e734a6f9-d37d-41cc-abfb-c60c07af7f1c,96d9ae8b-2a10-4724-9e08-4ae2d4183077
e7824d6b-1200-40d5-b470-b605af884ebf,44454d3d-e5e6-4f18-a330-cedca7fbb482
e7b51233-679d-4f7c-9735-7b16f418c631,61337ed7-f94e-4806-ba04-962eca86c793
e7c3ff74-9826-4356-9948-08b1871668de,ceee8cbc-e3f7-4096-abb2-f1c50e278ef6
e7c3ff74-9826-4356-9948-08b1871668de,f2a6fa58-5306-4d1d-9bf2-29985264f7c9
e7e77a0a-dce0-4f73-ac8f-d8025fa10cd9,6f065003-606b-47ef-b01b-397f83371452
e7ef15a9-02ae-4835-b8f7-9fc3c9e3c069,6a5c4a88-6b10-4695-b80d-a091c23101a0
e836297e-8667-405f-a15a-2fbfd844f329,bd04252a-c84c-4b44-b1c5-eb48097c48e8
e8bad4e4-664f-4a56-b557-aa8e9018ff4b,b09d7dac-c133-485f-b59d-c8bfcaa7181b
e8bbb4c3-8f43-4b84-9621-ce0b45fe0430,ceee8cbc-e3f7-4096-abb2-f1c50e278ef6
e8bbb4c3-8f43-4b84-9621-ce0b45fe0430,f2a6fa58-5306-4d1d-9bf2-29985264f7c9
e960d6a1-c00e-4098-8089-386796685b63,ceee8cbc-e3f7-4096-abb2-f1c50e278ef6
e960d6a1-c00e-4098-8089-386796685b63,f2a6fa58-5306-4d1d-9bf2-29985264f7c9
ea3c0288-c0df-4e23-8b90-12b3b74b6a80,96d9ae8b-2a10-4724-9e08-4ae2d4183077
ebcebbee-49ba-4375-804d-0766e1c94e6e,61337ed7-f94e-4806-ba04-962eca86c793
ebcebbee-49ba-4375-804d-0766e1c94e6e,7ced2f7b-0fe8-4422-a068-f3f8582a8f7f
ebcebbee-49ba-4375-804d-0766e1c94e6e,b09d7dac-c133-485f-b59d-c8bfcaa7181b
ebcebbee-49ba-4375-804d-0766e1c94e6e,bd04252a-c84c-4b44-b1c5-eb48097c48e8
ec103344-9fab-4b96-a011-f9ba59469ada,99dd00ca-9573-425e-9ec0-e2f0e52c3e1e
ec626206-c46e-480c-8750-eda55d6f361f,61337ed7-f94e-4806-ba04-962eca86c793
ec626206-c46e-480c-8750-eda55d6f361f,7ced2f7b-0fe8-4422-a068-f3f8582a8f7f
ec626206-c46e-480c-8750-eda55d6f361f,b09d7dac-c133-485f-b59d-c8bfcaa7181b
ec626206-c46e-480c-8750-eda55d6f361f,bd04252a-c84c-4b44-b1c5-eb48097c48e8
ec626206-c46e-480c-8750-eda55d6f361f,ceee8cbc-e3f7-4096-abb2-f1c50e278ef6
ed16e7e8-a28d-47e0-88a9-0370e614152f,ceee8cbc-e3f7-4096-abb2-f1c50e278ef6
ed16e7e8-a28d-47e0-88a9-0370e614152f,f2a6fa58-5306-4d1d-9bf2-29985264f7c9
edb0d9e0-932a-41ca-8810-b28c7d63fd4f,61337ed7-f94e-4806-ba04-962eca86c793
edb0d9e0-932a-41ca-8810-b28c7d63fd4f,7ced2f7b-0fe8-4422-a068-f3f8582a8f7f
edb0d9e0-932a-41ca-8810-b28c7d63fd4f,b09d7dac-c133-485f-b59d-c8bfcaa7181b
edb0d9e0-932a-41ca-8810-b28c7d63fd4f,bd04252a-c84c-4b44-b1c5-eb48097c48e8
edccf4e5-c7d6-4b87-8896-b52a7cfb23f8,96d9ae8b-2a10-4724-9e08-4ae2d4183077
eeea62fe-090a-4b79-ada2-4996d9b95352,f2a6fa58-5306-4d1d-9bf2-29985264f7c9
eeed2ec9-3bad-430c-870c-52989cbf83ec,bd04252a-c84c-4b44-b1c5-eb48097c48e8
eef944d7-6aa4-452c-a8a2-02f6e4694e9c,96d9ae8b-2a10-4724-9e08-4ae2d4183077
eefee288-e1d1-4f4f-9578-923d516ba4c1,e4c1ed0c-e4d8-4d49-b951-e44ab66bb515
f03a13cf-e2b9-416b-849e-8579137adf9b,7ced2f7b-0fe8-4422-a068-f3f8582a8f7f
f10fc11c-cecf-4932-bf68-eb1fc4eb22f8,c492558a-42d3-4c9b-b8ca-bd6892349ee0
f152b390-653b-4fa5-9201-9a3e4f95659b,ceee8cbc-e3f7-4096-abb2-f1c50e278ef6
f152b390-653b-4fa5-9201-9a3e4f95659b,f2a6fa58-5306-4d1d-9bf2-29985264f7c9
f1ca9b5d-6b4f-4b9b-876f-1ad3cfecc2f8,61337ed7-f94e-4806-ba04-962eca86c793
f1ca9b5d-6b4f-4b9b-876f-1ad3cfecc2f8,bd04252a-c84c-4b44-b1c5-eb48097c48e8
f1d0b551-0160-4faf-a988-40089974b4af,92e1fb26-f74d-4e26-b35a-55df56dc1880
f1d6bc40-6ce7-494d-a40f-b9d7276daf23,96d9ae8b-2a10-4724-9e08-4ae2d4183077
f2253133-d3f3-40ca-a5f9-e15f81cf230f,6f065003-606b-47ef-b01b-397f83371452
f2c49575-11f8-41b3-8325-660f07978b1b,61337ed7-f94e-4806-ba04-962eca86c793
f2c49575-11f8-41b3-8325-660f07978b1b,7ced2f7b-0fe8-4422-a068-f3f8582a8f7f
f2c49575-11f8-41b3-8325-660f07978b1b,b09d7dac-c133-485f-b59d-c8bfcaa7181b
f2c49575-11f8-41b3-8325-660f07978b1b,bd04252a-c84c-4b44-b1c5-eb48097c48e8
f2c49575-11f8-41b3-8325-660f07978b1b,ceee8cbc-e3f7-4096-abb2-f1c50e278ef6
f46a0014-13d4-4f30-ad82-4dd2bb40cb26,61337ed7-f94e-4806-ba04-962eca86c793
f46a0014-13d4-4f30-ad82-4dd2bb40cb26,7ced2f7b-0fe8-4422-a068-f3f8582a8f7f
f46a0014-13d4-4f30-ad82-4dd2bb40cb26,b09d7dac-c133-485f-b59d-c8bfcaa7181b
f46a0014-13d4-4f30-ad82-4dd2bb40cb26,bd04252a-c84c-4b44-b1c5-eb48097c48e8
f48e5109-18f7-49cd-84ee-2e6cff7047d5,96d9ae8b-2a10-4724-9e08-4ae2d4183077
f6030b2a-0295-4e82-a70c-4a7cc9466629,e4c1ed0c-e4d8-4d49-b951-e44ab66bb515
f6274742-a905-413b-a410-52dc7cbf563e,61337ed7-f94e-4806-ba04-962eca86c793
f6274742-a905-413b-a410-52dc7cbf563e,7ced2f7b-0fe8-4422-a068-f3f8582a8f7f
f6274742-a905-413b-a410-52dc7cbf563e,b09d7dac-c133-485f-b59d-c8bfcaa7181b
f6274742-a905-413b-a410-52dc7cbf563e,bd04252a-c84c-4b44-b1c5-eb48097c48e8
f6274742-a905-413b-a410-52dc7cbf563e,ceee8cbc-e3f7-4096-abb2-f1c50e278ef6
f74a7d14-ef98-4cc5-84c4-37f977a396c5,61337ed7-f94e-4806-ba04-962eca86c793
f74a7d14-ef98-4cc5-84c4-37f977a396c5,7ced2f7b-0fe8-4422-a068-f3f8582a8f7f
f74a7d14-ef98-4cc5-84c4-37f977a396c5,b09d7dac-c133-485f-b59d-c8bfcaa7181b
f74a7d14-ef98-4cc5-84c4-37f977a396c5,bd04252a-c84c-4b44-b1c5-eb48097c48e8
f74a7d14-ef98-4cc5-84c4-37f977a396c5,ceee8cbc-e3f7-4096-abb2-f1c50e278ef6
f74aa911-c903-4299-9bd5-07c411ef7bf6,fe4c4c83-d199-4297-ae94-1e150244d3d6
f762bc70-f5e8-4f25-8f40-4e5d9ca55aad,cf1f3612-6215-4c5c-b61a-1ccf8602493c
f86da160-70f6-4e3c-8c7e-10d0656bd526,7ced2f7b-0fe8-4422-a068-f3f8582a8f7f
f86da160-70f6-4e3c-8c7e-10d0656bd526,ceee8cbc-e3f7-4096-abb2-f1c50e278ef6
f87ae704-b520-4ff8-92f4-198c2f1d7571,96d9ae8b-2a10-4724-9e08-4ae2d4183077
f994fbf7-6611-4d70-b7f9-119b11772c5f,076af32f-c886-410c-bbc5-91a3fe3da63e
f9ac794c-7cc1-49bc-a55a-d6bac7c97037,f2a6fa58-5306-4d1d-9bf2-29985264f7c9
fa6ee377-262d-428c-b072-3662ba57157d,e4c1ed0c-e4d8-4d49-b951-e44ab66bb515
fa757a03-f80e-4075-9bf6-3121fe9bacca,7ced2f7b-0fe8-4422-a068-f3f8582a8f7f
fac5806d-8443-43eb-897c-d14b31685adb,39bbd502-dc51-451b-abdf-67e3daa168d5
fb9c050d-5249-457c-8573-33ec7f49b430,7ced2f7b-0fe8-4422-a068-f3f8582a8f7f
fbbf9329-5026-48c2-95f1-5e18c483619d,61337ed7-f94e-4806-ba04-962eca86c793
fbbf9329-5026-48c2-95f1-5e18c483619d,b09d7dac-c133-485f-b59d-c8bfcaa7181b
fbbf9329-5026-48c2-95f1-5e18c483619d,bd04252a-c84c-4b44-b1c5-eb48097c48e8
fc38d4d7-cc64-4215-8b42-58e9c548eeec,7ced2f7b-0fe8-4422-a068-f3f8582a8f7f
fc38d4d7-cc64-4215-8b42-58e9c548eeec,ceee8cbc-e3f7-4096-abb2-f1c50e278ef6
fd070377-9cb2-45e7-9440-b42a42bac606,44454d3d-e5e6-4f18-a330-cedca7fbb482
fd070377-9cb2-45e7-9440-b42a42bac606,71e9f370-882c-45c2-85b3-a1cc5773bb55
fd27ec3e-1b3b-444e-a094-5fa5a4427f36,bd04252a-c84c-4b44-b1c5-eb48097c48e8
fdf424ed-f2ae-44bc-b1a5-336c0c4341d7,96d9ae8b-2a10-4724-9e08-4ae2d4183077
fe5cc31e-942d-4637-aedc-e51d7dd511fd,f2a6fa58-5306-4d1d-9bf2-29985264f7c9
fea1a404-8fb0-44c1-9982-1f1dbebdac45,aee4ae59-3150-4b08-ba09-d93f39c1debc
